{
  "defaults": 3.3990838527679443,
  "str": 2.658750057220459,
  "obj": 1.8272500038146973
}