{
  "defaults": 7.271708965301514,
  "str": 7.704291820526123,
  "obj": 5.586833953857422
}