{
  "defaults": 3.584875002503395,
  "str": 2.5801249891519547,
  "obj": 1.7635419964790344
}