{
  "defaults": 3.5595409870147705,
  "str": 2.654458999633789,
  "obj": 1.7744169235229492
}