{
  "defaults": 7.495333015918732,
  "str": 7.689790993928909,
  "obj": 5.535209000110626
}