{
  "defaults": 3.518875002861023,
  "str": 3.0439999103546143,
  "obj": 1.7697919607162476
}