{
  "defaults": 3.4664580076932907,
  "str": 2.818915992975235,
  "obj": 1.7887499928474426
}