{
  "defaults": 3.7309159636497498,
  "str": 2.734583020210266,
  "obj": 1.8174999952316284
}