{
  "defaults": 3.651458740234375,
  "str": 2.747875213623047,
  "obj": 1.8215408325195312
}