{
  "defaults": 3.6982919573783875,
  "str": 2.8588340282440186,
  "obj": 2.010374963283539
}