{
  "defaults": 11.676833003759384,
  "str": 9.455665990710258,
  "obj": 2.588375002145767
}