{
  "defaults": 3.4925000071525574,
  "str": 2.605124980211258,
  "obj": 1.7572500109672546
}