{
  "defaults": 3.558332920074463,
  "str": 2.7277917861938477,
  "obj": 1.825958013534546
}