{
  "defaults": 3.6228749752044678,
  "str": 2.7109580039978027,
  "obj": 1.7681249380111694
}