{
  "defaults": 7.422666072845459,
  "str": 7.693249702453613,
  "obj": 5.5220417976379395
}