{
  "defaults": 3.491916999220848,
  "str": 2.734375,
  "obj": 1.7845830023288727
}