{
  "defaults": 3.343709021806717,
  "str": 2.73675000667572,
  "obj": 1.804749995470047
}