{
  "defaults": 3.48649999499321,
  "str": 2.572624996304512,
  "obj": 1.6874160021543503
}