{
  "defaults": 10.435582995414734,
  "str": 2.5826669931411743,
  "obj": 1.7247500121593475
}