{
  "defaults": 7.3038330078125,
  "str": 7.786833763122559,
  "obj": 5.621959209442139
}