{
  "defaults": 3.545166015625,
  "str": 2.733375072479248,
  "obj": 1.8474578857421875
}