{
  "defaults": 3.2766660004854202,
  "str": 2.609125003218651,
  "obj": 1.665915995836258
}