{
  "defaults": 7.495459020137787,
  "str": 7.780874997377396,
  "obj": 5.612874984741211
}