{
  "defaults": 7.280125141143799,
  "str": 8.003375053405762,
  "obj": 5.887584209442139
}