{
  "defaults": 3.4377079606056213,
  "str": 2.8121660351753235,
  "obj": 1.9334579706192017
}