{
  "defaults": 7.7466660141944885,
  "str": 7.729292035102844,
  "obj": 5.734125018119812
}