{
  "defaults": 7.534042000770569,
  "str": 7.757792055606842,
  "obj": 5.7709580063819885
}