{
  "defaults": 3.3921661376953125,
  "str": 2.8175411224365234,
  "obj": 1.8565001487731934
}