{
  "defaults": 3.5882920026779175,
  "str": 2.9291670322418213,
  "obj": 1.868624985218048
}