{
  "defaults": 3.442207932472229,
  "str": 2.8753750324249268,
  "obj": 1.7675409317016602
}