{
  "defaults": 7.663082838058472,
  "str": 7.863041877746582,
  "obj": 5.66966700553894
}