{
  "defaults": 7.529915928840637,
  "str": 7.622833013534546,
  "obj": 5.5887919664382935
}