{
  "defaults": 7.802249908447266,
  "str": 7.662291884422302,
  "obj": 5.392500042915344
}