{
  "defaults": 3.4866249561309814,
  "str": 2.9250420331954956,
  "obj": 1.7282921075820923
}