{
  "defaults": 3.4846248626708984,
  "str": 2.6225829124450684,
  "obj": 1.7300000190734863
}