{
  "defaults": 7.692291975021362,
  "str": 7.873832941055298,
  "obj": 5.586833953857422
}