{
  "defaults": 3.498542010784149,
  "str": 2.6909579932689667,
  "obj": 1.6674579977989197
}