{
  "defaults": 3.5812501907348633,
  "str": 2.7803330421447754,
  "obj": 1.7018342018127441
}