{
  "defaults": 3.7116249799728394,
  "str": 2.687125027179718,
  "obj": 1.697416990995407
}