{
  "defaults": 3.6062498092651367,
  "str": 2.6160836219787598,
  "obj": 1.7730827331542969
}