{
  "defaults": 3.593625068664551,
  "str": 2.7782089710235596,
  "obj": 1.8817919492721558
}