{
  "defaults": 3.558457851409912,
  "str": 2.629833221435547,
  "obj": 1.9232497215270996
}