{
  "defaults": 3.533208131790161,
  "str": 2.6589999198913574,
  "obj": 1.7267498970031738
}