{
  "defaults": 3.407458007335663,
  "str": 2.7500839829444885,
  "obj": 2.019791007041931
}