{
  "defaults": 7.510125160217285,
  "str": 7.897832870483398,
  "obj": 5.646541118621826
}