{
  "defaults": 7.421875,
  "str": 7.890166997909546,
  "obj": 5.565249919891357
}