{
  "defaults": 11.130625009536743,
  "str": 8.499874994158745,
  "obj": 2.537292003631592
}