{
  "defaults": 3.589209020137787,
  "str": 2.6835840046405792,
  "obj": 1.7072499990463257
}