{
  "defaults": 3.507875442504883,
  "str": 2.7819581031799316,
  "obj": 1.794041633605957
}