{
  "defaults": 3.472917079925537,
  "str": 2.5440421104431152,
  "obj": 1.6765408515930176
}