{
  "defaults": 3.6327500343322754,
  "str": 2.7679169178009033,
  "obj": 1.7796669006347656
}