{
  "defaults": 7.852207958698273,
  "str": 8.019291043281555,
  "obj": 5.8379170298576355
}