{
  "defaults": 7.441458225250244,
  "str": 7.8102922439575195,
  "obj": 5.609624862670898
}