{
  "defaults": 3.710582971572876,
  "str": 2.706125020980835,
  "obj": 1.8798329830169678
}