{
  "defaults": 12.271124988794327,
  "str": 9.125208005309105,
  "obj": 2.560125008225441
}