{
  "defaults": 7.742792129516602,
  "str": 7.878582954406738,
  "obj": 5.557208061218262
}