{
  "defaults": 3.349582999944687,
  "str": 2.6221669912338257,
  "obj": 1.670500010251999
}