{
  "defaults": 3.5488338470458984,
  "str": 2.683958053588867,
  "obj": 1.748208999633789
}