{
  "defaults": 7.576084017753601,
  "str": 7.65149998664856,
  "obj": 5.722499996423721
}