{
  "defaults": 7.750833034515381,
  "str": 7.746875047683716,
  "obj": 5.37624990940094
}