{
  "defaults": 7.716665983200073,
  "str": 7.789834022521973,
  "obj": 5.735374927520752
}