{
  "defaults": 3.6585421562194824,
  "str": 2.732333183288574,
  "obj": 1.7576251029968262
}