{
  "defaults": 7.477666974067688,
  "str": 7.705707997083664,
  "obj": 5.548167020082474
}