{
  "defaults": 7.460416793823242,
  "str": 7.825041770935059,
  "obj": 5.576499938964844
}