{
  "defaults": 3.4544999599456787,
  "str": 2.6360830068588257,
  "obj": 1.7927500009536743
}