{
  "defaults": 11.319666996598244,
  "str": 8.519500002264977,
  "obj": 2.5192919969558716
}