{
  "defaults": 3.3221254348754883,
  "str": 2.5704174041748047,
  "obj": 1.6586251258850098
}