{
  "defaults": 7.692415952682495,
  "str": 8.131583988666534,
  "obj": 5.750458002090454
}