{
  "defaults": 3.3317079544067383,
  "str": 2.5267090797424316,
  "obj": 1.6895420551300049
}