{
  "defaults": 7.566290855407715,
  "str": 7.701749801635742,
  "obj": 5.714209079742432
}