{
  "defaults": 250.541541993618,
  "str": 29404.104667007923,
  "obj": 89.0214170217514
}