{
  "defaults": 279.74699997901917,
  "str": 30945.025625020266,
  "obj": 204.288458019495
}