{
  "defaults": 37.4522500038147,
  "str": 1445.1230839788914,
  "obj": 15.258708000183105
}