{
  "defaults": 277.2532501220703,
  "str": 30932.80695796013,
  "obj": 124.2115831375122
}