{
  "defaults": 266.26683282852173,
  "str": 30113.022541046143,
  "obj": 122.05166673660278
}