{
  "defaults": 31.093457996845245,
  "str": 1475.381916999817,
  "obj": 22.95412501692772
}