{
  "defaults": 31.13112497329712,
  "str": 1429.4719591140747,
  "obj": 12.531707763671875
}