{
  "defaults": 246.28545904159546,
  "str": 30877.510459184647,
  "obj": 81.12966704368591
}