{
  "defaults": 39.82520794868469,
  "str": 1547.5587919950485,
  "obj": 15.588624954223633
}