{
  "defaults": 271.046875,
  "str": 30285.33316707611,
  "obj": 94.80037498474121
}