{
  "defaults": 24.20879077911377,
  "str": 1415.2377090454102,
  "obj": 6.762750148773193
}