{
  "defaults": 31.869500160217285,
  "str": 1441.7533750534058,
  "obj": 23.005332946777344
}