{
  "defaults": 35.926417112350464,
  "str": 1636.9020409584045,
  "obj": 25.536499977111816
}