{
  "defaults": 32.54316711425781,
  "str": 1453.245125055313,
  "obj": 23.765000104904175
}