{
  "defaults": 232.29408299922943,
  "str": 29954.765333995223,
  "obj": 157.54220800101757
}