{
  "defaults": 278.6273750066757,
  "str": 31981.722874999046,
  "obj": 85.5019999742508
}