{
  "defaults": 31.73199999332428,
  "str": 1476.718083024025,
  "obj": 12.018165946006775
}