{
  "defaults": 239.05916699767113,
  "str": 29478.12937501073,
  "obj": 160.2409580051899
}