{
  "defaults": 35.20858399569988,
  "str": 1456.2685829997063,
  "obj": 16.323749989271164
}