{
  "defaults": 39.56950008869171,
  "str": 1532.9924590587616,
  "obj": 14.956582903862
}