{
  "defaults": 277.0554156303406,
  "str": 30439.637792110443,
  "obj": 126.50787496566772
}