{
  "defaults": 299.55041694641113,
  "str": 32348.9279589653,
  "obj": 129.61362504959106
}