{
  "defaults": 252.43379199504852,
  "str": 29788.966957986355,
  "obj": 89.56320801377296
}