{
  "defaults": 35.9052500128746,
  "str": 1441.4848330020905,
  "obj": 26.09120801091194
}