{
  "defaults": 290.7175419330597,
  "str": 31910.76212501526,
  "obj": 128.84325003623962
}