{
  "defaults": 236.07350000739098,
  "str": 30166.34966699779,
  "obj": 155.2038329988718
}