{
  "defaults": 252.40675020217896,
  "str": 29088.20587491989,
  "obj": 80.19474983215332
}