{
  "defaults": 285.84004098176956,
  "str": 31379.71829199791,
  "obj": 128.63429099321365
}