{
  "defaults": 246.67112493515015,
  "str": 31075.06575000286,
  "obj": 75.19824993610382
}