{
  "defaults": 38.20787501335144,
  "str": 1519.799584031105,
  "obj": 27.10199999809265
}