{
  "defaults": 37.59954214096069,
  "str": 1446.2176671028137,
  "obj": 14.75304126739502
}