{
  "defaults": 32.06862500309944,
  "str": 1441.0153749883175,
  "obj": 23.31741699576378
}