{
  "defaults": 36.25349998474121,
  "str": 1454.6930408477783,
  "obj": 26.775332927703857
}