{
  "defaults": 238.34849998354912,
  "str": 29250.0397079885,
  "obj": 89.55195900797844
}