{
  "defaults": 30.84858399629593,
  "str": 1423.9112499952316,
  "obj": 21.868249997496605
}