{
  "defaults": 36.86058306694031,
  "str": 1484.2210412025452,
  "obj": 28.041290998458862
}