{
  "defaults": 33.0645409822464,
  "str": 1506.1100000143051,
  "obj": 23.59537500143051
}