{
  "defaults": 302.5486670732498,
  "str": 31157.460375070572,
  "obj": 81.95633292198181
}