{
  "defaults": 226.87533378601074,
  "str": 29134.15249967575,
  "obj": 73.56233310699463
}