{
  "defaults": 40.87150001525879,
  "str": 1450.6667499542236,
  "obj": 27.675167083740234
}