{
  "defaults": 32.30425000190735,
  "str": 1499.8680419921875,
  "obj": 12.504958033561707
}