{
  "defaults": 274.6799998283386,
  "str": 30747.63024997711,
  "obj": 199.47045803070068
}