{
  "defaults": 287.9106249809265,
  "str": 31293.62929201126,
  "obj": 128.8274160027504
}