{
  "defaults": 278.7607500255108,
  "str": 30770.49316701293,
  "obj": 122.17595899105072
}