{
  "defaults": 29.818084001541138,
  "str": 1419.5632500052452,
  "obj": 11.66058400273323
}