{
  "defaults": 24.266625002026558,
  "str": 1432.7153329998255,
  "obj": 6.325167000293732
}