{
  "defaults": 256.4482922554016,
  "str": 29077.25270795822,
  "obj": 78.67212533950806
}