{
  "defaults": 279.1723749637604,
  "str": 31088.125959038734,
  "obj": 102.80712503194809
}