{
  "defaults": 32.794209003448486,
  "str": 1448.69433259964,
  "obj": 23.709708213806152
}