{
  "defaults": 219.50999975204468,
  "str": 29222.67541694641,
  "obj": 73.49420881271362
}