{
  "defaults": 239.46779200434685,
  "str": 29642.062458008528,
  "obj": 162.6709579974413
}