{
  "defaults": 33.18045902252197,
  "str": 1488.295499920845,
  "obj": 24.188707947731018
}