{
  "defaults": 31.042332887649536,
  "str": 1462.309958934784,
  "obj": 11.72333288192749
}