{
  "defaults": 297.1557089686394,
  "str": 32194.21895802021,
  "obj": 208.2157090306282
}