{
  "defaults": 267.4429588317871,
  "str": 29411.705083847046,
  "obj": 98.4611668586731
}