{
  "defaults": 35.174291998147964,
  "str": 1438.5524580031633,
  "obj": 24.76274999976158
}