{
  "defaults": 253.33900001645088,
  "str": 29381.80083400011,
  "obj": 93.17649999260902
}