{
  "defaults": 26.542667001485825,
  "str": 1431.149749994278,
  "obj": 11.354041993618011
}