{
  "defaults": 26.423374995589256,
  "str": 1479.1748749911785,
  "obj": 11.489666000008583
}