{
  "defaults": 300.7239580154419,
  "str": 32430.658625006676,
  "obj": 239.2268339395523
}