{
  "defaults": 39.295709013938904,
  "str": 1489.5767920017242,
  "obj": 15.700709044933319
}