{
  "defaults": 33.80304193496704,
  "str": 1491.7976250648499,
  "obj": 11.970625400543213
}