{
  "defaults": 24.267333984375,
  "str": 1419.7792496681213,
  "obj": 6.521208763122559
}