{
  "defaults": 23.673917293548584,
  "str": 1417.3917908668518,
  "obj": 6.536875247955322
}