{
  "defaults": 30.215459018945694,
  "str": 1492.9877920150757,
  "obj": 12.775375008583069
}