{
  "defaults": 24.93754208087921,
  "str": 1487.0115000009537,
  "obj": 6.850332975387573
}