{
  "defaults": 232.25383299589157,
  "str": 29326.06225000322,
  "obj": 86.5630419999361
}