{
  "defaults": 254.3630409836769,
  "str": 31438.616124987602,
  "obj": 77.12849998474121
}