{
  "defaults": 238.28033401072025,
  "str": 29948.07037499547,
  "obj": 122.77912499010563
}