{
  "defaults": 36.375041991472244,
  "str": 1448.2013750076294,
  "obj": 26.126042008399963
}