{
  "defaults": 247.65541699528694,
  "str": 30162.90570899844,
  "obj": 127.9592080116272
}