{
  "defaults": 39.00841599702835,
  "str": 1529.571458041668,
  "obj": 27.366249978542328
}