{
  "defaults": 242.2933750152588,
  "str": 30514.069749832153,
  "obj": 75.56558299064636
}