{
  "defaults": 24.934708952903748,
  "str": 1480.325041949749,
  "obj": 6.816040992736816
}