{
  "defaults": 37.690500020980835,
  "str": 1469.4447920322418,
  "obj": 25.87837505340576
}