{
  "defaults": 38.514332950115204,
  "str": 1536.4794580340385,
  "obj": 27.35904198884964
}