{
  "defaults": 37.823875069618225,
  "str": 1506.3974170684814,
  "obj": 27.5341659784317
}