{
  "defaults": 265.43387496471405,
  "str": 31434.417541980743,
  "obj": 81.58758401870728
}