{
  "defaults": 300.4728749990463,
  "str": 31662.917167007923,
  "obj": 130.17666602134705
}