{
  "defaults": 263.05920791625977,
  "str": 30782.21883392334,
  "obj": 81.56983304023743
}