{
  "defaults": 249.66720914840698,
  "str": 29117.375,
  "obj": 77.82466697692871
}