{
  "defaults": 278.5909160375595,
  "str": 31030.64262497425,
  "obj": 67.46312499046326
}