{
  "defaults": 25.10208296775818,
  "str": 1464.0363330245018,
  "obj": 6.7474170327186584
}