{
  "defaults": 23.99337500333786,
  "str": 1415.5486249923706,
  "obj": 6.243667006492615
}