{
  "defaults": 256.7438340187073,
  "str": 29322.498625278473,
  "obj": 93.92987489700317
}