{
  "defaults": 247.41883400082588,
  "str": 30109.663042008877,
  "obj": 124.73924998939037
}