{
  "defaults": 31.636166006326675,
  "str": 1498.6788749992847,
  "obj": 22.108125001192093
}