{
  "defaults": 249.86824989318848,
  "str": 29110.925499916077,
  "obj": 78.86537504196167
}