{
  "defaults": 292.6447080373764,
  "str": 31695.29912507534,
  "obj": 136.27929091453552
}