{
  "defaults": 23.06504198908806,
  "str": 1421.103333979845,
  "obj": 6.648332983255386
}