{
  "defaults": 274.4687910079956,
  "str": 30447.11287498474,
  "obj": 129.18008375167847
}