{
  "defaults": 227.30829200148582,
  "str": 29246.772750005126,
  "obj": 123.41449999809265
}