{
  "defaults": 39.06583285331726,
  "str": 1452.0763339996338,
  "obj": 14.533082962036133
}