{
  "defaults": 293.10554099082947,
  "str": 31694.717208981514,
  "obj": 127.75437498092651
}