{
  "defaults": 30.577166080474854,
  "str": 1429.897292137146,
  "obj": 12.065583229064941
}