{
  "defaults": 30.72125005722046,
  "str": 1442.7514998912811,
  "obj": 11.64175009727478
}