{
  "defaults": 30.979166984558105,
  "str": 1430.5638751983643,
  "obj": 11.86299991607666
}