{
  "defaults": 248.6313339471817,
  "str": 31131.524999976158,
  "obj": 75.06924998760223
}