{
  "defaults": 226.86154200136662,
  "str": 31210.622082993388,
  "obj": 80.67233300209045
}