{
  "defaults": 272.5765838623047,
  "str": 29451.729625225067,
  "obj": 126.37016582489014
}