{
  "defaults": 24.127000093460083,
  "str": 1415.3659579753876,
  "obj": 6.487624883651733
}