{
  "defaults": 31.55304193496704,
  "str": 1453.4135842323303,
  "obj": 22.908250331878662
}