{
  "defaults": 294.7855839729309,
  "str": 32232.268458008766,
  "obj": 207.33175003528595
}