{
  "defaults": 244.94245797395706,
  "str": 31256.311416983604,
  "obj": 75.07454198598862
}