{
  "defaults": 34.85929200053215,
  "str": 1444.1152079999447,
  "obj": 15.922999992966652
}