{
  "defaults": 33.369749903678894,
  "str": 1494.179624915123,
  "obj": 23.620875000953674
}