{
  "defaults": 24.39108395576477,
  "str": 1457.369541168213,
  "obj": 6.425541877746582
}