{
  "defaults": 34.75558300316334,
  "str": 1439.738457992673,
  "obj": 25.318499997258186
}