{
  "defaults": 37.39179086685181,
  "str": 1443.0942077636719,
  "obj": 14.769332885742188
}