{
  "defaults": 263.0804166793823,
  "str": 29246.384957790375,
  "obj": 93.67749977111816
}