{
  "defaults": 36.60337495803833,
  "str": 1461.4726247787476,
  "obj": 26.36491584777832
}