{
  "defaults": 23.51341599225998,
  "str": 1464.4649589955807,
  "obj": 6.485166996717453
}