{
  "defaults": 31.692166030406952,
  "str": 1479.3482499718666,
  "obj": 12.53549998998642
}