{
  "defaults": 259.1546249985695,
  "str": 30034.81029200554,
  "obj": 85.94454199075699
}