{
  "defaults": 38.24175000190735,
  "str": 1442.7540000081062,
  "obj": 14.458083987236023
}