{
  "defaults": 309.2916250228882,
  "str": 31383.35754084587,
  "obj": 126.46375012397766
}