{
  "defaults": 276.67433404922485,
  "str": 30440.37458395958,
  "obj": 95.23049998283386
}