{
  "defaults": 32.13895797729492,
  "str": 1478.332457959652,
  "obj": 12.470874965190887
}