{
  "defaults": 263.4153330028057,
  "str": 29503.260583013296,
  "obj": 119.9775419831276
}