{
  "defaults": 277.1206250190735,
  "str": 30697.290333271027,
  "obj": 196.60158395767212
}