{
  "defaults": 24.470834016799927,
  "str": 1463.6756669282913,
  "obj": 6.729416012763977
}