{
  "defaults": 234.59891599416733,
  "str": 29028.5699159801,
  "obj": 76.64862498641014
}