{
  "defaults": 38.971583008766174,
  "str": 1494.3747920393944,
  "obj": 15.394749999046326
}