{
  "defaults": 37.176958084106445,
  "str": 1445.7567081451416,
  "obj": 14.853042125701904
}