{
  "defaults": 270.70408296585083,
  "str": 31249.86229097843,
  "obj": 82.98341691493988
}