{
  "defaults": 286.05125004053116,
  "str": 30932.92258399725,
  "obj": 82.41066700220108
}