{
  "defaults": 23.741374969482422,
  "str": 1414.7128329277039,
  "obj": 6.595582962036133
}