{
  "defaults": 33.410207986831665,
  "str": 1500.9538750052452,
  "obj": 23.252583026885986
}