{
  "defaults": 261.35354113578796,
  "str": 30612.279416799545,
  "obj": 78.83837509155273
}