{
  "defaults": 276.2491250038147,
  "str": 31648.490207910538,
  "obj": 97.59745800495148
}