{
  "defaults": 32.09275007247925,
  "str": 1448.1420831680298,
  "obj": 23.09958267211914
}