{
  "defaults": 38.84020781517029,
  "str": 1576.2104170322418,
  "obj": 15.817957878112793
}