{
  "defaults": 267.9158329963684,
  "str": 30349.437292009592,
  "obj": 160.0725829899311
}