{
  "defaults": 112.71425008773804,
  "str": 119.46612501144409,
  "obj": 88.86787509918213
}