{
  "defaults": 153.12874999642372,
  "str": 171.50170800089836,
  "obj": 148.59870898723602
}