{
  "defaults": 125.16524982452393,
  "str": 128.87895822525024,
  "obj": 110.46454191207886
}