{
  "defaults": 15.024083614349365,
  "str": 15.76479196548462,
  "obj": 9.241541862487793
}