{
  "defaults": 61.072625041007996,
  "str": 63.395416021347046,
  "obj": 37.77045798301697
}