{
  "defaults": 242.00229215621948,
  "str": 1575.54691696167,
  "obj": 149.2092089653015
}