{
  "defaults": 14.671917021274567,
  "str": 13.739666998386383,
  "obj": 8.62345802783966
}