{
  "defaults": 113.52045798301697,
  "str": 122.84945797920227,
  "obj": 91.31158298254013
}