{
  "defaults": 156.2849170267582,
  "str": 173.68987500667572,
  "obj": 153.6111249923706
}