{
  "defaults": 160.90687499940395,
  "str": 180.4992920011282,
  "obj": 152.77208299934864
}