{
  "defaults": 161.02625000476837,
  "str": 180.07379201054573,
  "obj": 152.34575000405312
}