{
  "defaults": 25.50966602563858,
  "str": 1380.721875011921,
  "obj": 16.923333019018173
}