{
  "defaults": 245.3742089867592,
  "str": 1609.380125015974,
  "obj": 156.5458750128746
}