{
  "defaults": 186.5072078704834,
  "str": 196.53483295440674,
  "obj": 187.70429182052612
}