{
  "defaults": 117.03358399868011,
  "str": 127.52441596984863,
  "obj": 97.87795794010162
}