{
  "defaults": 285.2135830074549,
  "str": 1628.7964169979095,
  "obj": 211.96175000071526
}