{
  "defaults": 29.63899999856949,
  "str": 1367.1217090040445,
  "obj": 44.90150000154972
}