{
  "defaults": 15.075500011444092,
  "str": 14.881749987602234,
  "obj": 11.850917011499405
}