{
  "defaults": 12.678249955177307,
  "str": 13.712583065032959,
  "obj": 9.786041975021362
}