{
  "defaults": 303.2062920033932,
  "str": 1643.2552909851074,
  "obj": 224.83879199624062
}