{
  "defaults": 118.21458297967911,
  "str": 127.44670897722244,
  "obj": 98.42250001430511
}