{
  "defaults": 24.849124997854233,
  "str": 23.74108399450779,
  "obj": 16.085041999816895
}