{
  "defaults": 21.804834365844727,
  "str": 20.67766571044922,
  "obj": 18.17937469482422
}