{
  "defaults": 13.07712498307228,
  "str": 13.404832988977432,
  "obj": 10.387625008821487
}