{
  "defaults": 57.37579107284546,
  "str": 60.1637909412384,
  "obj": 29.899250030517578
}