{
  "defaults": 16.363709449768066,
  "str": 15.237417221069336,
  "obj": 12.49150037765503
}