{
  "defaults": 16.003250002861023,
  "str": 14.284042000770569,
  "obj": 6.879291996359825
}