{
  "defaults": 23.353750005364418,
  "str": 1352.5011250078678,
  "obj": 18.18904200196266
}