{
  "defaults": 288.4203749895096,
  "str": 1621.4512910097837,
  "obj": 184.75279200077057
}