{
  "defaults": 12.583540916442871,
  "str": 12.105957984924316,
  "obj": 9.06024980545044
}