{
  "defaults": 112.59149992465973,
  "str": 122.923583984375,
  "obj": 90.85945808887482
}