{
  "defaults": 8.885208994150162,
  "str": 8.303000003099442,
  "obj": 6.018833011388779
}