{
  "defaults": 35.7008752822876,
  "str": 1406.1673340797424,
  "obj": 37.660542011260986
}