{
  "defaults": 63.343791991472244,
  "str": 71.29524999856949,
  "obj": 50.70541700720787
}