{
  "defaults": 298.22725009918213,
  "str": 1673.6373329162598,
  "obj": 248.40116691589355
}