{
  "defaults": 142.98229199647903,
  "str": 164.39016699790955,
  "obj": 146.43274998664856
}