{
  "defaults": 19.4930419921875,
  "str": 19.182792007923126,
  "obj": 16.5867919921875
}