{
  "defaults": 114.66458302736282,
  "str": 123.72312504053116,
  "obj": 92.14691698551178
}