{
  "defaults": 30.115875244140625,
  "str": 1383.3513751029968,
  "obj": 32.43433332443237
}