{
  "defaults": 14.74529218673706,
  "str": 15.346124649047852,
  "obj": 9.849791049957275
}