{
  "defaults": 161.4067910015583,
  "str": 182.64937499165535,
  "obj": 155.63491700589657
}