{
  "defaults": 154.54408398270607,
  "str": 173.86233401298523,
  "obj": 149.2052499949932
}