{
  "defaults": 285.706375002861,
  "str": 1587.8519999980927,
  "obj": 219.30320899188519
}