{
  "defaults": 11.131916999816895,
  "str": 10.577500343322754,
  "obj": 6.698124885559082
}