{
  "defaults": 57.24487501382828,
  "str": 60.99250000715256,
  "obj": 30.03591698408127
}