{
  "defaults": 24.177124977111816,
  "str": 1384.6977500915527,
  "obj": 16.081832885742188
}