{
  "defaults": 14.798958003520966,
  "str": 14.806540995836258,
  "obj": 11.829874992370605
}