{
  "defaults": 16.29845905303955,
  "str": 15.892292022705078,
  "obj": 11.525667190551758
}