{
  "defaults": 10.998665809631348,
  "str": 10.592041969299316,
  "obj": 7.383708953857422
}