{
  "defaults": 60.498250007629395,
  "str": 63.19883394241333,
  "obj": 38.34554195404053
}