{
  "defaults": 216.60487508773804,
  "str": 229.88083410263062,
  "obj": 197.5637083053589
}