{
  "defaults": 288.345458984375,
  "str": 1627.4470830261707,
  "obj": 220.7018750011921
}