{
  "defaults": 70.48858299851418,
  "str": 77.66654199361801,
  "obj": 51.89708299934864
}