{
  "defaults": 9.391750037670135,
  "str": 8.311500012874603,
  "obj": 5.157707989215851
}