{
  "defaults": 152.05620801448822,
  "str": 173.6005420088768,
  "obj": 148.88716599345207
}