{
  "defaults": 16.049042001366615,
  "str": 14.277125000953674,
  "obj": 7.022333011031151
}