{
  "defaults": 13.905959129333496,
  "str": 15.27899980545044,
  "obj": 8.198750019073486
}