{
  "defaults": 33.2657919973135,
  "str": 1361.5404170006514,
  "obj": 18.998541995882988
}