{
  "defaults": 62.188540995121,
  "str": 71.00112497806549,
  "obj": 50.42920899391174
}