{
  "defaults": 239.68829202651978,
  "str": 1595.5013337135315,
  "obj": 154.00483322143555
}