{
  "defaults": 108.50787496566772,
  "str": 114.95495796203613,
  "obj": 83.29762506484985
}