{
  "defaults": 63.846083998680115,
  "str": 71.43375000357628,
  "obj": 51.112041994929314
}