{
  "defaults": 13.512374997138977,
  "str": 12.540499985218048,
  "obj": 8.06879198551178
}