{
  "defaults": 115.68562483787537,
  "str": 123.51199984550476,
  "obj": 95.79333400726318
}