{
  "defaults": 304.6867090165615,
  "str": 1635.4104589819908,
  "obj": 237.0877079963684
}