{
  "defaults": 70.4985830038786,
  "str": 77.7501659989357,
  "obj": 52.654082998633385
}