{
  "defaults": 214.0547080039978,
  "str": 224.0742907524109,
  "obj": 188.06141567230225
}