{
  "defaults": 160.45374999940395,
  "str": 179.84508299827576,
  "obj": 153.63533300161362
}