{
  "defaults": 284.1690001487732,
  "str": 296.5096673965454,
  "obj": 267.44170808792114
}