{
  "defaults": 21.631916001439095,
  "str": 19.4213750064373,
  "obj": 12.530125007033348
}