{
  "defaults": 23.675416976213455,
  "str": 1347.0984579920769,
  "obj": 16.56604102253914
}