{
  "defaults": 24.68295907974243,
  "str": 1409.8773746490479,
  "obj": 21.667250156402588
}