{
  "defaults": 66.02879202365875,
  "str": 72.99429100751877,
  "obj": 55.476250022649765
}