{
  "defaults": 19.91116714477539,
  "str": 19.340209007263184,
  "obj": 17.08750009536743
}