{
  "defaults": 99.66291666030884,
  "str": 107.25529098510742,
  "obj": 85.75600004196167
}