{
  "defaults": 153.8104160130024,
  "str": 173.07645799219608,
  "obj": 143.09787499904633
}