{
  "defaults": 312.4208331108093,
  "str": 1739.513334274292,
  "obj": 239.5954999923706
}