{
  "defaults": 16.646541595458984,
  "str": 16.63754177093506,
  "obj": 11.768041133880615
}