{
  "defaults": 126.18258285522461,
  "str": 128.73254108428955,
  "obj": 105.26249980926514
}