{
  "defaults": 23.53883409500122,
  "str": 23.8774995803833,
  "obj": 21.23620891571045
}