{
  "defaults": 156.62995800375938,
  "str": 176.0381249934435,
  "obj": 144.67479200661182
}