{
  "defaults": 279.0750419944525,
  "str": 1610.3530000001192,
  "obj": 215.91883300244808
}