{
  "defaults": 26.036499977111816,
  "str": 1378.7794170379639,
  "obj": 16.916458129882812
}