{
  "defaults": 69.05924999713898,
  "str": 73.28374999761581,
  "obj": 56.13025000691414
}