{
  "defaults": 21.35766699910164,
  "str": 19.669624999165535,
  "obj": 12.514124989509583
}