{
  "defaults": 113.75462508201599,
  "str": 122.74500012397766,
  "obj": 89.51083302497864
}