{
  "defaults": 213.12683391571045,
  "str": 222.7903332710266,
  "obj": 186.86549997329712
}