{
  "defaults": 12.743584007024765,
  "str": 13.139791995286942,
  "obj": 10.10995802283287
}