{
  "defaults": 20.50854206085205,
  "str": 20.54229211807251,
  "obj": 17.428500175476074
}