{
  "defaults": 276.1806254386902,
  "str": 293.58387517929077,
  "obj": 276.8616247177124
}