{
  "defaults": 20.806707978248596,
  "str": 20.539792001247406,
  "obj": 20.689916014671326
}