{
  "defaults": 55.100250005722046,
  "str": 62.77754187583923,
  "obj": 31.361207962036133
}