{
  "defaults": 12.647625088691711,
  "str": 12.273958086967468,
  "obj": 8.015959024429321
}