{
  "defaults": 9.140750050544739,
  "str": 8.64004111289978,
  "obj": 5.417958974838257
}