{
  "defaults": 15.231499999761581,
  "str": 15.126042008399963,
  "obj": 12.226583003997803
}