{
  "defaults": 14.506375014781952,
  "str": 14.675959020853043,
  "obj": 11.69837498664856
}