{
  "defaults": 289.5474581718445,
  "str": 1649.342541694641,
  "obj": 235.78379201889038
}