{
  "defaults": 19.36074995994568,
  "str": 18.793750047683716,
  "obj": 16.4716659784317
}