{
  "defaults": 17.689249992370605,
  "str": 17.827374935150146,
  "obj": 12.602625370025635
}