{
  "defaults": 29.39766599237919,
  "str": 1368.815959006548,
  "obj": 13.382375001907349
}