{
  "defaults": 13.307500004768372,
  "str": 14.416042029857635,
  "obj": 9.894125044345856
}