{
  "defaults": 35.57891598343849,
  "str": 1347.2893330156803,
  "obj": 36.09850001335144
}