{
  "defaults": 256.3075830042362,
  "str": 1585.6312080025673,
  "obj": 151.32033398747444
}