{
  "defaults": 21.289375007152557,
  "str": 20.73837500810623,
  "obj": 20.98554101586342
}