{
  "defaults": 110.9661660194397,
  "str": 113.89054203033447,
  "obj": 87.91937494277954
}