{
  "defaults": 113.45395910739899,
  "str": 123.82245790958405,
  "obj": 91.68816697597504
}