{
  "defaults": 274.1978340148926,
  "str": 294.1859998703003,
  "obj": 277.8759160041809
}