{
  "defaults": 18.58133363723755,
  "str": 17.90204095840454,
  "obj": 12.456417083740234
}