{
  "defaults": 9.193875074386597,
  "str": 8.732290983200073,
  "obj": 5.323959112167358
}