{
  "defaults": 194.00587463378906,
  "str": 202.3020839691162,
  "obj": 186.9647078514099
}