{
  "defaults": 13.048874855041504,
  "str": 12.627707958221436,
  "obj": 7.943833112716675
}