{
  "defaults": 27.080874919891357,
  "str": 26.84391689300537,
  "obj": 26.955999851226807
}