{
  "defaults": 13.088165998458862,
  "str": 12.378084063529968,
  "obj": 8.092041015625
}