{
  "defaults": 31.46016699075699,
  "str": 1361.2801249921322,
  "obj": 44.57679200172424
}