{
  "defaults": 30.41754201054573,
  "str": 1440.879833996296,
  "obj": 32.11079099774361
}