{
  "defaults": 21.378499999642372,
  "str": 19.499292001128197,
  "obj": 12.250833004713058
}