{
  "defaults": 141.25695902109146,
  "str": 161.45074999332428,
  "obj": 141.3687919974327
}