{
  "defaults": 286.85116700828075,
  "str": 1628.5168329924345,
  "obj": 195.93833300471306
}