{
  "defaults": 23.15312498807907,
  "str": 1383.2105000019073,
  "obj": 19.77512499690056
}