{
  "defaults": 8.599083006381989,
  "str": 8.136750012636185,
  "obj": 6.074665993452072
}