{
  "defaults": 13.097042083740234,
  "str": 12.528666973114014,
  "obj": 7.946000099182129
}