{
  "defaults": 59.27174997329712,
  "str": 62.621875047683716,
  "obj": 37.86075019836426
}