{
  "defaults": 25.337790995836258,
  "str": 23.889332994818687,
  "obj": 15.871167004108429
}