{
  "defaults": 8.709124997258186,
  "str": 8.302040994167328,
  "obj": 6.133083000779152
}