{
  "defaults": 8.753249987959862,
  "str": 8.185166001319885,
  "obj": 6.066416993737221
}