{
  "defaults": 62.71570900082588,
  "str": 71.56629100441933,
  "obj": 50.278249993920326
}