{
  "defaults": 23.618332862854004,
  "str": 24.307833194732666,
  "obj": 20.987083911895752
}