{
  "defaults": 21.70466700196266,
  "str": 19.49466599524021,
  "obj": 12.732625007629395
}