{
  "defaults": 186.9980001449585,
  "str": 201.81562519073486,
  "obj": 183.3787088394165
}