{
  "defaults": 94.26279211044312,
  "str": 95.58812522888184,
  "obj": 68.56379222869873
}