{
  "defaults": 12.69533395767212,
  "str": 12.118332862854004,
  "obj": 7.893208026885986
}