{
  "defaults": 14.314666986465454,
  "str": 13.60479199886322,
  "obj": 8.298417091369629
}