{
  "defaults": 9.045500040054321,
  "str": 8.363375186920166,
  "obj": 5.296582937240601
}