{
  "defaults": 187.45829105377197,
  "str": 198.75245904922485,
  "obj": 166.30270767211914
}