{
  "defaults": 13.652250051498413,
  "str": 13.876582980155945,
  "obj": 8.559291958808899
}