{
  "defaults": 28.696916103363037,
  "str": 18.774374961853027,
  "obj": 12.601791858673096
}