{
  "defaults": 28.793875217437744,
  "str": 33.992374897003174,
  "obj": 12.66866683959961
}