{
  "defaults": 19.414709091186523,
  "str": 19.734874725341797,
  "obj": 16.394832611083984
}