{
  "defaults": 167.80179071426392,
  "str": 171.08720779418945,
  "obj": 138.03287506103516
}