{
  "defaults": 55.94037485122681,
  "str": 57.88187503814697,
  "obj": 29.797584056854248
}