{
  "defaults": 26.819707989692688,
  "str": 17.864084005355835,
  "obj": 11.643916010856628
}