{
  "defaults": 71.69137500226498,
  "str": 77.8050419986248,
  "obj": 52.16058400273323
}