{
  "defaults": 8.551874995231628,
  "str": 8.202749997377396,
  "obj": 6.057416021823883
}