{
  "defaults": 14.294374942779541,
  "str": 14.631457805633545,
  "obj": 8.58270788192749
}