{
  "defaults": 55.45591592788696,
  "str": 60.21724987030029,
  "obj": 30.116125106811523
}