{
  "defaults": 60.190375089645386,
  "str": 64.01145792007446,
  "obj": 36.9105829000473
}