{
  "defaults": 77.69183301925659,
  "str": 86.19816589355469,
  "obj": 66.07716703414917
}