{
  "defaults": 8.861541986465454,
  "str": 8.416458010673523,
  "obj": 5.3903340101242065
}