{
  "defaults": 13.159540891647339,
  "str": 12.466333150863647,
  "obj": 7.881624937057495
}