{
  "defaults": 15.839667320251465,
  "str": 15.014665603637695,
  "obj": 14.817874908447266
}