{
  "defaults": 246.4864583015442,
  "str": 266.0526661872864,
  "obj": 240.15312480926514
}