{
  "defaults": 19.82358407974243,
  "str": 19.03404211997986,
  "obj": 16.994542121887207
}