{
  "defaults": 144.29450011253357,
  "str": 143.48766696453094,
  "obj": 107.52308309078217
}