{
  "defaults": 184.97087478637695,
  "str": 197.72462511062622,
  "obj": 165.23862504959106
}