{
  "defaults": 112.53495800495148,
  "str": 123.22929102182388,
  "obj": 90.61699998378754
}