{
  "defaults": 16.789916038513184,
  "str": 13.664083003997803,
  "obj": 8.046792030334473
}