{
  "defaults": 14.666000008583069,
  "str": 14.940167009830475,
  "obj": 12.033999979496002
}