{
  "defaults": 109.3677499294281,
  "str": 120.48091697692871,
  "obj": 88.43137502670288
}