{
  "defaults": 20.01687502861023,
  "str": 18.69504201412201,
  "obj": 16.518290996551514
}