{
  "defaults": 61.014499962329865,
  "str": 64.24833297729492,
  "obj": 37.54316699504852
}