{
  "defaults": 145.10608303546906,
  "str": 148.36312502622604,
  "obj": 112.49658298492432
}