{
  "defaults": 14.112375020980835,
  "str": 14.106082916259766,
  "obj": 8.911999940872192
}