{
  "defaults": 26.036208152770996,
  "str": 25.93179225921631,
  "obj": 25.190249919891357
}