{
  "defaults": 30.16175001859665,
  "str": 19.623667001724243,
  "obj": 12.403167009353638
}