{
  "defaults": 12.99433296918869,
  "str": 12.603249967098236,
  "obj": 7.787625014781952
}