{
  "defaults": 112.14308398962021,
  "str": 122.3718329668045,
  "obj": 92.39629197120667
}