{
  "defaults": 25.94129180908203,
  "str": 23.38579225540161,
  "obj": 18.815707683563232
}