{
  "defaults": 115.9765830039978,
  "str": 124.78712499141693,
  "obj": 100.68733298778534
}