{
  "defaults": 20.828207969665527,
  "str": 19.701833248138428,
  "obj": 16.61987543106079
}