{
  "defaults": 101.7110424041748,
  "str": 106.13970756530762,
  "obj": 82.52587509155273
}