{
  "defaults": 111.76954197883606,
  "str": 122.47616600990295,
  "obj": 90.42129194736481
}