{
  "defaults": 198.9864583015442,
  "str": 177.61154222488403,
  "obj": 152.34270811080933
}