{
  "defaults": 9.00616705417633,
  "str": 8.558458089828491,
  "obj": 5.563665986061096
}