{
  "defaults": 62.63079199194908,
  "str": 70.36045899987221,
  "obj": 49.914707988500595
}