{
  "defaults": 58.234708070755005,
  "str": 60.60979080200195,
  "obj": 36.09575009346008
}