{
  "defaults": 176.85458302497864,
  "str": 166.02983283996582,
  "obj": 127.8735420703888
}