{
  "defaults": 84.68783301115036,
  "str": 87.13433396816254,
  "obj": 60.39887499809265
}