{
  "defaults": 253.522292137146,
  "str": 268.4607501029968,
  "obj": 242.62770795822144
}