{
  "defaults": 12.893832921981812,
  "str": 13.651708126068115,
  "obj": 9.69395899772644
}