{
  "defaults": 9.972874641418457,
  "str": 9.307541847229004,
  "obj": 6.048374652862549
}