{
  "defaults": 108.75849986076355,
  "str": 119.96637487411499,
  "obj": 92.20295882225037
}