{
  "defaults": 9.019958019256592,
  "str": 8.39662492275238,
  "obj": 5.291291952133179
}