{
  "defaults": 119.11833393573761,
  "str": 129.67150008678436,
  "obj": 98.28970897197723
}