{
  "defaults": 112.75820803642273,
  "str": 123.39258301258087,
  "obj": 91.13495898246765
}