{
  "defaults": 14.111000001430511,
  "str": 13.970665991306305,
  "obj": 8.385917007923126
}