{
  "defaults": 13.282292008399963,
  "str": 12.831542015075684,
  "obj": 8.239207983016968
}