{
  "defaults": 14.269708007574081,
  "str": 14.78812500834465,
  "obj": 11.38724997639656
}