{
  "defaults": 30.80304193496704,
  "str": 27.48270893096924,
  "obj": 14.768125057220459
}