{
  "defaults": 14.748833894729614,
  "str": 14.528291940689087,
  "obj": 8.816375017166138
}