{
  "defaults": 9.214917004108429,
  "str": 8.199416995048523,
  "obj": 5.105875015258789
}