{
  "defaults": 159.47150039672852,
  "str": 163.9047498703003,
  "obj": 131.72820806503296
}