{
  "defaults": 13.379290997982025,
  "str": 13.831874966621399,
  "obj": 10.078208029270172
}