{
  "defaults": 12.616207987070084,
  "str": 13.005208998918533,
  "obj": 10.086208999156952
}