{
  "defaults": 158.78895799815655,
  "str": 180.0472500026226,
  "obj": 152.4854169934988
}