{
  "defaults": 115.99166697263718,
  "str": 128.30966699123383,
  "obj": 95.9580420255661
}