{
  "defaults": 15.007375001907349,
  "str": 14.821375012397766,
  "obj": 11.82712498307228
}