{
  "defaults": 112.68245792388916,
  "str": 124.49425005912781,
  "obj": 93.80837512016296
}