{
  "defaults": 14.952374935150146,
  "str": 14.202000141143799,
  "obj": 11.918833255767822
}