{
  "defaults": 9.453750014305115,
  "str": 8.397374987602234,
  "obj": 5.251791000366211
}