{
  "defaults": 160.07270799577236,
  "str": 181.15395799279213,
  "obj": 152.75425000488758
}