{
  "defaults": 16.116167068481445,
  "str": 15.19004201889038,
  "obj": 11.099374771118164
}