{
  "defaults": 251.06766605377197,
  "str": 264.515832901001,
  "obj": 243.11774969100952
}