{
  "defaults": 57.88370907306671,
  "str": 60.756958961486816,
  "obj": 29.646209001541138
}