{
  "defaults": 116.09641695022583,
  "str": 127.65012502670288,
  "obj": 97.09899997711182
}