{
  "defaults": 158.95745798945427,
  "str": 181.76195800304413,
  "obj": 151.2558329999447
}