{
  "defaults": 9.237291097640991,
  "str": 8.494791984558105,
  "obj": 5.270291805267334
}