{
  "defaults": 255.92870807647705,
  "str": 268.7332081794739,
  "obj": 242.3356671333313
}