{
  "defaults": 20.899333000183105,
  "str": 20.403375029563904,
  "obj": 20.522833973169327
}