{
  "defaults": 15.29449987411499,
  "str": 14.680792093276978,
  "obj": 12.648375034332275
}