{
  "defaults": 14.943750023841858,
  "str": 14.345583081245422,
  "obj": 13.515666961669922
}