{
  "defaults": 19.634707927703857,
  "str": 19.170832872390747,
  "obj": 16.464499950408936
}