{
  "defaults": 152.95495799183846,
  "str": 171.23216600716114,
  "obj": 143.21604199707508
}