{
  "defaults": 112.22262501716614,
  "str": 118.59824991226196,
  "obj": 89.4826250076294
}