{
  "defaults": 103.7354998588562,
  "str": 107.90645933151245,
  "obj": 90.60833311080933
}