{
  "defaults": 85.04554104804993,
  "str": 87.39795804023743,
  "obj": 59.65033411979675
}