{
  "defaults": 12.802457928657532,
  "str": 12.223124980926514,
  "obj": 8.009207963943481
}