{
  "defaults": 21.74616700410843,
  "str": 18.65733301639557,
  "obj": 14.652042031288147
}