{
  "defaults": 139.32095801830292,
  "str": 141.90308398008347,
  "obj": 107.51195901632309
}