{
  "defaults": 139.9211249947548,
  "str": 159.78562501072884,
  "obj": 138.84341698884964
}