{
  "defaults": 150.8900409936905,
  "str": 172.31583300232887,
  "obj": 148.11562499403954
}