{
  "defaults": 12.530249953269958,
  "str": 14.387542009353638,
  "obj": 9.92158305644989
}