{
  "defaults": 19.6010000705719,
  "str": 19.504374980926514,
  "obj": 16.68008303642273
}