{
  "defaults": 246.13241577148438,
  "str": 256.8340826034546,
  "obj": 236.080500125885
}