{
  "defaults": 19.590917110443115,
  "str": 19.820624828338623,
  "obj": 16.97087526321411
}