{
  "defaults": 116.30437499284744,
  "str": 129.18783402442932,
  "obj": 96.91087502241135
}