{
  "defaults": 270.37124967575073,
  "str": 260.62041664123535,
  "obj": 224.95733261108398
}