{
  "defaults": 58.255666971206665,
  "str": 62.18691611289978,
  "obj": 38.114166021347046
}