{
  "defaults": 19.147916972637177,
  "str": 19.38154101371765,
  "obj": 16.095083951950073
}