{
  "defaults": 113.54299998283386,
  "str": 122.18516683578491,
  "obj": 94.0842502117157
}