{
  "defaults": 21.152332991361618,
  "str": 19.54900000989437,
  "obj": 12.327207997441292
}