{
  "defaults": 13.397624969482422,
  "str": 12.475832998752594,
  "obj": 8.041584014892578
}