{
  "defaults": 10.866167068481445,
  "str": 9.983208656311035,
  "obj": 7.564582824707031
}