{
  "defaults": 21.04245799779892,
  "str": 19.179750010371208,
  "obj": 12.487665995955467
}