{
  "defaults": 19.341042041778564,
  "str": 19.677291870117188,
  "obj": 16.29824995994568
}