{
  "defaults": 13.779541015625,
  "str": 14.706040859222412,
  "obj": 8.664000034332275
}