{
  "defaults": 9.991374969482422,
  "str": 8.99762499332428,
  "obj": 5.436582922935486
}