{
  "defaults": 151.2663339972496,
  "str": 171.13233399391174,
  "obj": 148.74412500858307
}