{
  "defaults": 26.117584228515625,
  "str": 25.474292278289795,
  "obj": 24.977290630340576
}