{
  "defaults": 62.595042020082474,
  "str": 70.59954100847244,
  "obj": 50.21145802736282
}