{
  "defaults": 112.7664577960968,
  "str": 124.79616594314575,
  "obj": 94.15024995803833
}