{
  "defaults": 15.625333070755005,
  "str": 13.595166087150574,
  "obj": 8.424084067344666
}