{
  "defaults": 189.62395763397217,
  "str": 175.51745796203613,
  "obj": 153.9392499923706
}