{
  "defaults": 35.305832862854004,
  "str": 21.71608257293701,
  "obj": 13.794415950775146
}