{
  "defaults": 19.24495792388916,
  "str": 20.47504198551178,
  "obj": 17.39049994945526
}