{
  "defaults": 56.744750022888184,
  "str": 59.71320903301239,
  "obj": 29.284834027290344
}