{
  "defaults": 138.3176670074463,
  "str": 138.06941604614258,
  "obj": 106.02308309078217
}