{
  "defaults": 85.21333301067352,
  "str": 88.02425003051758,
  "obj": 59.35362505912781
}