{
  "defaults": 12.98199999332428,
  "str": 12.487249970436096,
  "obj": 8.032541036605835
}