{
  "defaults": 13.131667137145996,
  "str": 12.219375133514404,
  "obj": 7.822416067123413
}