{
  "defaults": 28.594624996185303,
  "str": 19.377125024795532,
  "obj": 12.353209018707275
}