{
  "defaults": 144.73733401298523,
  "str": 148.0581250190735,
  "obj": 113.50233399868011
}