{
  "defaults": 112.57000005245209,
  "str": 121.75041604042053,
  "obj": 90.32737505435944
}