{
  "defaults": 12.836833000183105,
  "str": 12.92941701412201,
  "obj": 8.141417026519775
}