{
  "defaults": 19.602458000183105,
  "str": 19.340165853500366,
  "obj": 17.1333749294281
}