{
  "defaults": 12.763917207717896,
  "str": 12.276791095733643,
  "obj": 7.75220799446106
}