{
  "defaults": 114.48662507534027,
  "str": 126.36362493038177,
  "obj": 97.96820795536041
}