{
  "defaults": 57.19783401489258,
  "str": 59.831041038036346,
  "obj": 29.262917041778564
}