{
  "defaults": 16.839958667755127,
  "str": 16.83329200744629,
  "obj": 11.486834049224854
}