{
  "defaults": 178.65487498044968,
  "str": 166.86449998617172,
  "obj": 130.19733399152756
}