{
  "defaults": 13.550792038440704,
  "str": 13.598625004291534,
  "obj": 7.527709007263184
}