{
  "defaults": 14.361084014177322,
  "str": 14.678624987602234,
  "obj": 11.844458013772964
}