{
  "defaults": 112.75670802593231,
  "str": 121.95370900630951,
  "obj": 90.06733298301697
}