{
  "defaults": 12.497583031654358,
  "str": 12.10783302783966,
  "obj": 7.822792053222656
}