{
  "defaults": 56.02125000953674,
  "str": 59.039124965667725,
  "obj": 29.18766713142395
}