{
  "defaults": 12.913458108901978,
  "str": 12.469624996185303,
  "obj": 7.9867918491363525
}