{
  "defaults": 16.294415950775146,
  "str": 14.916707992553711,
  "obj": 9.839959144592285
}