{
  "defaults": 60.46066701412201,
  "str": 62.154541969299316,
  "obj": 37.26616597175598
}