{
  "defaults": 10.101084232330322,
  "str": 9.836250305175781,
  "obj": 5.625709056854248
}