{
  "defaults": 10.704541683197021,
  "str": 10.304542064666748,
  "obj": 7.756333351135254
}