{
  "defaults": 9.006374955177307,
  "str": 8.402208089828491,
  "obj": 5.372582912445068
}