{
  "defaults": 20.302749633789062,
  "str": 20.146291255950928,
  "obj": 17.18275022506714
}