{
  "defaults": 154.91216599941254,
  "str": 173.5104579925537,
  "obj": 144.27054099738598
}