{
  "defaults": 110.00562500953674,
  "str": 119.71024990081787,
  "obj": 89.30245780944824
}