{
  "defaults": 189.56308364868164,
  "str": 199.00683307647705,
  "obj": 170.29383325576782
}