{
  "defaults": 114.1967499256134,
  "str": 123.09395802021027,
  "obj": 91.53399991989136
}