{
  "defaults": 12.790333032608032,
  "str": 12.488708972930908,
  "obj": 7.851499915122986
}