{
  "defaults": 168.207417011261,
  "str": 177.02958297729492,
  "obj": 155.02854204177856
}