{
  "defaults": 25.400749996304512,
  "str": 24.238499999046326,
  "obj": 16.178375005722046
}