{
  "defaults": 56.76462495326996,
  "str": 58.60199999809265,
  "obj": 29.388957977294922
}