{
  "defaults": 8.96229100227356,
  "str": 8.173666954040527,
  "obj": 5.094624996185303
}