{
  "defaults": 12.699750065803528,
  "str": 12.111208081245422,
  "obj": 7.8963329792022705
}