{
  "defaults": 12.815375000238419,
  "str": 13.201416999101639,
  "obj": 10.133666008710861
}