{
  "defaults": 88.68699979782104,
  "str": 93.47599983215332,
  "obj": 67.34345817565918
}