{
  "defaults": 114.11229205131531,
  "str": 123.68508315086365,
  "obj": 95.43070816993713
}