{
  "defaults": 57.05970907211304,
  "str": 58.760249972343445,
  "obj": 29.28237497806549
}