{
  "defaults": 57.08733403682709,
  "str": 59.901875019073486,
  "obj": 29.437790989875793
}