{
  "defaults": 19.284375071525574,
  "str": 18.673540949821472,
  "obj": 17.366083025932312
}