{
  "defaults": 116.4670000076294,
  "str": 126.47654092311859,
  "obj": 98.07375001907349
}