{
  "defaults": 23.611124992370605,
  "str": 24.252208948135376,
  "obj": 13.320249795913696
}