{
  "defaults": 59.353208899497986,
  "str": 63.61800003051758,
  "obj": 37.76174998283386
}