{
  "defaults": 114.9782497882843,
  "str": 122.02308297157288,
  "obj": 95.23783302307129
}