{
  "defaults": 19.803040981292725,
  "str": 19.487249970436096,
  "obj": 16.86175000667572
}