{
  "defaults": 9.20908397436142,
  "str": 8.295958995819092,
  "obj": 5.196291983127594
}