{
  "defaults": 27.98837500810623,
  "str": 17.754124999046326,
  "obj": 11.067457973957062
}