{
  "defaults": 13.566124975681305,
  "str": 12.383000016212463,
  "obj": 7.925790965557098
}