{
  "defaults": 25.223041996359825,
  "str": 23.813500002026558,
  "obj": 16.131832987070084
}