{
  "defaults": 13.644958019256592,
  "str": 13.941625118255615,
  "obj": 9.986666917800903
}