{
  "defaults": 19.70970904827118,
  "str": 20.06712508201599,
  "obj": 17.246999979019165
}