{
  "defaults": 146.7203330397606,
  "str": 148.47591596841812,
  "obj": 114.99945896863937
}