{
  "defaults": 112.8249580860138,
  "str": 119.85637497901917,
  "obj": 93.4788339138031
}