{
  "defaults": 59.585207998752594,
  "str": 61.93591696023941,
  "obj": 35.97454100847244
}