{
  "defaults": 16.580334186553955,
  "str": 16.225249767303467,
  "obj": 11.322457790374756
}