{
  "defaults": 22.599792003631592,
  "str": 24.439208030700684,
  "obj": 13.420375108718872
}