{
  "defaults": 165.56383275985718,
  "str": 170.0132918357849,
  "obj": 137.74329233169556
}