{
  "defaults": 245.7106671333313,
  "str": 265.93070793151855,
  "obj": 240.51108312606812
}