{
  "defaults": 106.36504220962524,
  "str": 110.58958435058594,
  "obj": 91.82016706466675
}