{
  "defaults": 58.92799997329712,
  "str": 61.270041942596436,
  "obj": 36.384124994277954
}