{
  "defaults": 185.669291973114,
  "str": 170.11562538146973,
  "obj": 144.3359169960022
}