{
  "defaults": 8.764541998505592,
  "str": 8.291500002145767,
  "obj": 6.039708003401756
}