{
  "defaults": 104.28937482833862,
  "str": 108.69208288192749,
  "obj": 84.62249994277954
}