{
  "defaults": 111.40716600418091,
  "str": 122.67037498950958,
  "obj": 93.60766696929932
}