{
  "defaults": 13.639082908630371,
  "str": 12.444166898727417,
  "obj": 7.978666067123413
}