{
  "defaults": 60.432124972343445,
  "str": 63.34337502717972,
  "obj": 37.68408399820328
}