{
  "defaults": 15.781709000468254,
  "str": 14.26316699385643,
  "obj": 6.810000002384186
}