{
  "defaults": 12.730375051498413,
  "str": 13.549291968345642,
  "obj": 9.331416010856628
}