{
  "defaults": 65.4528340101242,
  "str": 73.87716698646545,
  "obj": 54.534457981586456
}