{
  "defaults": 13.317584037780762,
  "str": 13.745499849319458,
  "obj": 7.646499872207642
}