{
  "defaults": 8.630832999944687,
  "str": 8.566042006015778,
  "obj": 6.024957999587059
}