{
  "defaults": 8.642374992370605,
  "str": 8.307333022356033,
  "obj": 6.039665997028351
}