{
  "defaults": 57.91070902347565,
  "str": 60.624458968639374,
  "obj": 29.65308302640915
}