{
  "defaults": 112.42704200744629,
  "str": 124.54533398151398,
  "obj": 90.83437490463257
}