{
  "defaults": 12.974624991416931,
  "str": 14.089292049407959,
  "obj": 10.196707963943481
}