{
  "defaults": 15.126042008399963,
  "str": 14.437624990940094,
  "obj": 8.553624987602234
}