{
  "defaults": 113.02391600608826,
  "str": 122.68854212760925,
  "obj": 93.84029197692871
}