{
  "defaults": 13.328750014305115,
  "str": 13.893125057220459,
  "obj": 9.958582997322083
}