{
  "defaults": 149.94254100322723,
  "str": 170.89583399891853,
  "obj": 147.15370801091194
}