{
  "defaults": 55.41020894050598,
  "str": 57.3116250038147,
  "obj": 29.30795907974243
}