{
  "defaults": 12.808166980743408,
  "str": 13.886415958404541,
  "obj": 9.495208978652954
}