{
  "defaults": 176.62541604042053,
  "str": 164.64012503623962,
  "obj": 127.81299996376038
}