{
  "defaults": 12.837042093276978,
  "str": 12.397625207901001,
  "obj": 8.142207860946655
}