{
  "defaults": 109.11375021934509,
  "str": 119.16074991226196,
  "obj": 87.87933301925659
}