{
  "defaults": 115.83945894241333,
  "str": 125.54474997520447,
  "obj": 97.4453330039978
}