{
  "defaults": 164.3801248073578,
  "str": 156.7847089767456,
  "obj": 125.96362495422363
}