{
  "defaults": 117.06987500190735,
  "str": 125.56391704082489,
  "obj": 97.52154195308685
}