{
  "defaults": 63.21229200065136,
  "str": 70.53358300030231,
  "obj": 49.586291000247
}