{
  "defaults": 13.074541091918945,
  "str": 12.364291906356812,
  "obj": 7.872082948684692
}