{
  "defaults": 167.20274996757507,
  "str": 161.45175004005432,
  "obj": 134.34225010871887
}