{
  "defaults": 109.29241704940796,
  "str": 120.14249992370605,
  "obj": 88.43941688537598
}