{
  "defaults": 117.32275009155273,
  "str": 125.12608301639557,
  "obj": 96.39866697788239
}