{
  "defaults": 20.69758301973343,
  "str": 20.3989579975605,
  "obj": 21.092792004346848
}