{
  "defaults": 58.45437502861023,
  "str": 60.98283386230469,
  "obj": 36.37870812416077
}