{
  "defaults": 13.740790843963623,
  "str": 13.026999950408936,
  "obj": 11.303791046142578
}