{
  "defaults": 14.532292008399963,
  "str": 14.49212497472763,
  "obj": 14.286958992481232
}