{
  "defaults": 151.828125,
  "str": 172.58187499642372,
  "obj": 148.8560840189457
}