{
  "defaults": 19.617667078971863,
  "str": 19.31058394908905,
  "obj": 17.546957969665527
}