{
  "defaults": 61.88016602396965,
  "str": 69.9635419845581,
  "obj": 49.041041016578674
}