{
  "defaults": 112.09566700458527,
  "str": 122.23299998044968,
  "obj": 90.01541703939438
}