{
  "defaults": 12.820749998092651,
  "str": 12.260708093643188,
  "obj": 7.883208990097046
}