{
  "defaults": 110.05741691589355,
  "str": 119.14762496948242,
  "obj": 88.40920901298523
}