{
  "defaults": 55.740999937057495,
  "str": 57.79591608047485,
  "obj": 28.896167039871216
}