{
  "defaults": 40.45779228210449,
  "str": 29.860291957855225,
  "obj": 16.26199960708618
}