{
  "defaults": 71.24195799231529,
  "str": 77.17583300173283,
  "obj": 51.78454199433327
}