{
  "defaults": 112.19987499713898,
  "str": 122.30604100227356,
  "obj": 90.54145896434784
}