{
  "defaults": 58.75887489318848,
  "str": 61.16729211807251,
  "obj": 36.75349998474121
}