{
  "defaults": 106.81470775604248,
  "str": 110.63445901870728,
  "obj": 81.92266702651978
}