{
  "defaults": 15.679208993911743,
  "str": 14.048291996121407,
  "obj": 6.918999999761581
}