{
  "defaults": 115.59104204177856,
  "str": 125.09641599655151,
  "obj": 97.22012501955032
}