{
  "defaults": 139.37945798039436,
  "str": 158.6484169960022,
  "obj": 138.1494579911232
}