{
  "defaults": 16.10362482070923,
  "str": 15.16554069519043,
  "obj": 10.887666702270508
}