{
  "defaults": 113.390958070755,
  "str": 125.72883296012878,
  "obj": 91.53458392620087
}