{
  "defaults": 9.067874908447266,
  "str": 8.513124942779541,
  "obj": 5.3687920570373535
}