{
  "defaults": 21.746999993920326,
  "str": 19.600333005189896,
  "obj": 12.570083007216454
}