{
  "defaults": 9.106709003448486,
  "str": 8.27245807647705,
  "obj": 5.223582983016968
}