{
  "defaults": 57.41624999046326,
  "str": 60.32475000619888,
  "obj": 29.545875012874603
}