{
  "defaults": 167.81833291053772,
  "str": 162.2190420627594,
  "obj": 133.96308302879333
}