{
  "defaults": 21.783707976341248,
  "str": 18.673874974250793,
  "obj": 14.390041947364807
}