{
  "defaults": 113.0157499909401,
  "str": 123.11825001239777,
  "obj": 91.26908296346664
}