{
  "defaults": 21.52458381652832,
  "str": 18.75612497329712,
  "obj": 14.529249906539917
}