{
  "defaults": 12.991750001907349,
  "str": 14.473416030406952,
  "obj": 9.93445897102356
}