{
  "defaults": 28.066959381103516,
  "str": 18.07433271408081,
  "obj": 12.47458267211914
}