{
  "defaults": 109.13374996185303,
  "str": 119.18562507629395,
  "obj": 88.77216601371765
}