{
  "defaults": 15.393832683563232,
  "str": 14.280582904815674,
  "obj": 11.7600417137146
}