{
  "defaults": 20.05220800638199,
  "str": 19.6290420293808,
  "obj": 15.730000019073486
}