{
  "defaults": 12.915709018707275,
  "str": 14.087542057037354,
  "obj": 9.628709077835083
}