{
  "defaults": 59.4458749294281,
  "str": 62.936041951179504,
  "obj": 38.064375042915344
}