{
  "defaults": 159.77591700851917,
  "str": 179.33337499201298,
  "obj": 152.75445799529552
}