{
  "defaults": 21.683375000953674,
  "str": 19.83416698873043,
  "obj": 12.57208301126957
}