{
  "defaults": 65.26583299040794,
  "str": 71.31666600704193,
  "obj": 54.397959023714066
}