{
  "defaults": 12.962167024612427,
  "str": 12.558375000953674,
  "obj": 7.944625020027161
}