{
  "defaults": 195.6215000152588,
  "str": 176.38437461853027,
  "obj": 150.4917917251587
}