{
  "defaults": 22.831292152404785,
  "str": 23.042624950408936,
  "obj": 19.78458309173584
}