{
  "defaults": 61.24558389186859,
  "str": 62.25849997997284,
  "obj": 37.876917004585266
}