{
  "defaults": 13.002458989620209,
  "str": 12.386833012104034,
  "obj": 7.695333003997803
}