{
  "defaults": 23.821625232696533,
  "str": 20.947792053222656,
  "obj": 7.7961249351501465
}