{
  "defaults": 4.571958065032959,
  "str": 4.329500198364258,
  "obj": 0.9436254501342773
}