{
  "defaults": 8.510458946228027,
  "str": 6.624207973480225,
  "obj": 3.3635826110839844
}