{
  "defaults": 16.439791202545166,
  "str": 14.342957973480225,
  "obj": 11.8979172706604
}