{
  "defaults": 8.911791801452637,
  "str": 9.212250232696533,
  "obj": 6.082250118255615
}