{
  "defaults": 8.806500434875488,
  "str": 7.162916660308838,
  "obj": 3.48104190826416
}