{
  "defaults": 30.830458000302315,
  "str": 1440.284707993269,
  "obj": 43.49574999511242
}