{
  "defaults": 237.30966711044312,
  "str": 36814.678584098816,
  "obj": 142.29699993133545
}