{
  "defaults": 23.27945801615715,
  "str": 1444.392500013113,
  "obj": 17.5692920088768
}