{
  "defaults": 235.12229204177856,
  "str": 36618.73558282852,
  "obj": 148.23050022125244
}