{
  "defaults": 269.8905000090599,
  "str": 30120.08770801127,
  "obj": 242.3206669986248
}