{
  "defaults": 277.6266670078039,
  "str": 30387.60487499833,
  "obj": 180.00212500989437
}