{
  "defaults": 294.61695766448975,
  "str": 29603.270833015442,
  "obj": 264.94858407974243
}