{
  "defaults": 291.31804099678993,
  "str": 29565.314083993435,
  "obj": 191.9463749974966
}