{
  "defaults": 247.15000000596046,
  "str": 35105.227375000715,
  "obj": 150.39220800995827
}