{
  "defaults": 250.92949998378754,
  "str": 36083.16491600871,
  "obj": 145.6404159963131
}