{
  "defaults": 295.90191701054573,
  "str": 30144.978999987245,
  "obj": 198.64583399891853
}