{
  "defaults": 23.358792304992676,
  "str": 1519.4609580039978,
  "obj": 18.863791942596436
}