{
  "defaults": 284.6131248474121,
  "str": 29469.896290779114,
  "obj": 238.76466703414917
}