{
  "defaults": 35.74374997615814,
  "str": 1515.4046249985695,
  "obj": 37.82279199361801
}