{
  "defaults": 284.5191670060158,
  "str": 29550.67304199934,
  "obj": 246.70774999260902
}