{
  "defaults": 30.843832969665527,
  "str": 1474.772541999817,
  "obj": 30.43804121017456
}