{
  "defaults": 23.457750022411346,
  "str": 1507.1577909886837,
  "obj": 14.638958007097244
}