{
  "defaults": 22.827333003282547,
  "str": 1449.0976669937372,
  "obj": 18.179999992251396
}