{
  "defaults": 30.18620800971985,
  "str": 1528.719374999404,
  "obj": 14.580958008766174
}