{
  "defaults": 271.4610829949379,
  "str": 29749.095207989216,
  "obj": 240.66954198479652
}