{
  "defaults": 29.8199580013752,
  "str": 1487.5872919857502,
  "obj": 24.164333999156952
}