{
  "defaults": 23.46716594696045,
  "str": 1448.8229160308838,
  "obj": 14.695291996002197
}