{
  "defaults": 269.9025411605835,
  "str": 30722.50658416748,
  "obj": 237.11420822143555
}