{
  "defaults": 283.26533299684525,
  "str": 29857.929666996002,
  "obj": 197.74445900321007
}