{
  "defaults": 28.96866600215435,
  "str": 1474.5221669971943,
  "obj": 43.16974999010563
}