{
  "defaults": 25.90141698718071,
  "str": 1477.7923339903355,
  "obj": 16.53041699528694
}