{
  "defaults": 34.66804075241089,
  "str": 1452.2015419006348,
  "obj": 37.72975015640259
}