{
  "defaults": 305.91541600227356,
  "str": 29674.65158301592,
  "obj": 267.7414579987526
}