{
  "defaults": 33.66050000488758,
  "str": 1432.6172910034657,
  "obj": 18.50162500143051
}