{
  "defaults": 25.791290760040283,
  "str": 1463.4079580307007,
  "obj": 16.932791233062744
}