{
  "minipass-current-async": {
    "fast-fast": {
      "1": {
        "defaults": 24.707584142684937,
        "str": 24.110999822616577,
        "obj": 13.093999862670898
      },
      "20": {
        "defaults": 235.39866709709167,
        "str": 229.49095821380615,
        "obj": 202.40733408927917
      }
    },
    "fast-slow": {
      "1": {
        "defaults": 29.634999990463257,
        "str": 26.674499988555908,
        "obj": 15.581332921981812
      },
      "20": {
        "defaults": 242.4340419769287,
        "str": 241.9201250076294,
        "obj": 198.6067500114441
      }
    },
    "slow-fast": {
      "1": {
        "defaults": 19.403500080108643,
        "str": 17.811957836151123,
        "obj": 14.711999893188477
      },
      "20": {
        "defaults": 132.10370802879333,
        "str": 136.36554193496704,
        "obj": 102.89450001716614
      }
    },
    "slow-slow": {
      "1": {
        "defaults": 26.931583881378174,
        "str": 22.143749952316284,
        "obj": 17.612792015075684
      },
      "20": {
        "defaults": 220.47929215431213,
        "str": 208.18587493896484,
        "obj": 172.82945895195007
      }
    },
    "fast-mixed": {
      "1": {
        "defaults": 30.526124954223633,
        "str": 26.479417085647583,
        "obj": 16.500207901000977
      },
      "20": {
        "defaults": 243.33962488174438,
        "str": 237.56174993515015,
        "obj": 199.57999992370605
      }
    }
  }
}
