{
  "baseline": {
    "fast-fast": {
      "1": {
        "defaults": 3.343709021806717,
        "str": 2.73675000667572,
        "obj": 1.804749995470047
      },
      "20": {
        "defaults": 3.349582999944687,
        "str": 2.6221669912338257,
        "obj": 1.670500010251999
      }
    },
    "fast-slow": {
      "1": {
        "defaults": 3.498542010784149,
        "str": 2.6909579932689667,
        "obj": 1.6674579977989197
      },
      "20": {
        "defaults": 3.4925000071525574,
        "str": 2.605124980211258,
        "obj": 1.7572500109672546
      }
    },
    "slow-fast": {
      "1": {
        "defaults": 7.495333015918732,
        "str": 7.689790993928909,
        "obj": 5.535209000110626
      },
      "20": {
        "defaults": 7.495459020137787,
        "str": 7.780874997377396,
        "obj": 5.612874984741211
      }
    },
    "slow-slow": {
      "1": {
        "defaults": 7.576084017753601,
        "str": 7.65149998664856,
        "obj": 5.722499996423721
      },
      "20": {
        "defaults": 7.477666974067688,
        "str": 7.705707997083664,
        "obj": 5.548167020082474
      }
    },
    "fast-mixed": {
      "1": {
        "defaults": 3.7116249799728394,
        "str": 2.687125027179718,
        "obj": 1.697416990995407
      },
      "20": {
        "defaults": 3.589209020137787,
        "str": 2.6835840046405792,
        "obj": 1.7072499990463257
      }
    }
  },
  "core-extend-transform": {
    "fast-fast": {
      "1": {
        "defaults": 23.06504198908806,
        "str": 1421.103333979845,
        "obj": 6.648332983255386
      },
      "20": {
        "defaults": 234.59891599416733,
        "str": 29028.5699159801,
        "obj": 76.64862498641014
      }
    },
    "fast-slow": {
      "1": {
        "defaults": 32.06862500309944,
        "str": 1441.0153749883175,
        "obj": 23.31741699576378
      },
      "20": {
        "defaults": 263.4153330028057,
        "str": 29503.260583013296,
        "obj": 119.9775419831276
      }
    },
    "slow-fast": {
      "1": {
        "defaults": 30.215459018945694,
        "str": 1492.9877920150757,
        "obj": 12.775375008583069
      },
      "20": {
        "defaults": 259.1546249985695,
        "str": 30034.81029200554,
        "obj": 85.94454199075699
      }
    },
    "slow-slow": {
      "1": {
        "defaults": 37.4522500038147,
        "str": 1445.1230839788914,
        "obj": 15.258708000183105
      },
      "20": {
        "defaults": 250.541541993618,
        "str": 29404.104667007923,
        "obj": 89.0214170217514
      }
    },
    "fast-mixed": {
      "1": {
        "defaults": 36.375041991472244,
        "str": 1448.2013750076294,
        "obj": 26.126042008399963
      },
      "20": {
        "defaults": 279.74699997901917,
        "str": 30945.025625020266,
        "obj": 204.288458019495
      }
    }
  },
  "core-passthrough": {
    "fast-fast": {
      "1": {
        "defaults": 23.51341599225998,
        "str": 1464.4649589955807,
        "obj": 6.485166996717453
      },
      "20": {
        "defaults": 238.34849998354912,
        "str": 29250.0397079885,
        "obj": 89.55195900797844
      }
    },
    "fast-slow": {
      "1": {
        "defaults": 31.093457996845245,
        "str": 1475.381916999817,
        "obj": 22.95412501692772
      },
      "20": {
        "defaults": 267.9158329963684,
        "str": 30349.437292009592,
        "obj": 160.0725829899311
      }
    },
    "slow-fast": {
      "1": {
        "defaults": 29.818084001541138,
        "str": 1419.5632500052452,
        "obj": 11.66058400273323
      },
      "20": {
        "defaults": 253.33900001645088,
        "str": 29381.80083400011,
        "obj": 93.17649999260902
      }
    },
    "slow-slow": {
      "1": {
        "defaults": 38.24175000190735,
        "str": 1442.7540000081062,
        "obj": 14.458083987236023
      },
      "20": {
        "defaults": 252.43379199504852,
        "str": 29788.966957986355,
        "obj": 89.56320801377296
      }
    },
    "fast-mixed": {
      "1": {
        "defaults": 35.9052500128746,
        "str": 1441.4848330020905,
        "obj": 26.09120801091194
      },
      "20": {
        "defaults": 278.7607500255108,
        "str": 30770.49316701293,
        "obj": 122.17595899105072
      }
    }
  },
  "extend-minipass-current": {
    "fast-fast": {
      "1": {
        "defaults": 8.599083006381989,
        "str": 8.136750012636185,
        "obj": 6.074665993452072
      },
      "20": {
        "defaults": 62.188540995121,
        "str": 71.00112497806549,
        "obj": 50.42920899391174
      }
    },
    "fast-slow": {
      "1": {
        "defaults": 14.506375014781952,
        "str": 14.675959020853043,
        "obj": 11.69837498664856
      },
      "20": {
        "defaults": 153.12874999642372,
        "str": 171.50170800089836,
        "obj": 148.59870898723602
      }
    },
    "slow-fast": {
      "1": {
        "defaults": 12.743584007024765,
        "str": 13.139791995286942,
        "obj": 10.10995802283287
      },
      "20": {
        "defaults": 66.02879202365875,
        "str": 72.99429100751877,
        "obj": 55.476250022649765
      }
    },
    "slow-slow": {
      "1": {
        "defaults": 20.806707978248596,
        "str": 20.539792001247406,
        "obj": 20.689916014671326
      },
      "20": {
        "defaults": 142.98229199647903,
        "str": 164.39016699790955,
        "obj": 146.43274998664856
      }
    },
    "fast-mixed": {
      "1": {
        "defaults": 15.231499999761581,
        "str": 15.126042008399963,
        "obj": 12.226583003997803
      },
      "20": {
        "defaults": 156.2849170267582,
        "str": 173.68987500667572,
        "obj": 153.6111249923706
      }
    }
  },
  "extend-minipass": {
    "fast-fast": {
      "1": {
        "defaults": 8.885208994150162,
        "str": 8.303000003099442,
        "obj": 6.018833011388779
      },
      "20": {
        "defaults": 63.343791991472244,
        "str": 71.29524999856949,
        "obj": 50.70541700720787
      }
    },
    "fast-slow": {
      "1": {
        "defaults": 14.798958003520966,
        "str": 14.806540995836258,
        "obj": 11.829874992370605
      },
      "20": {
        "defaults": 152.05620801448822,
        "str": 173.6005420088768,
        "obj": 148.88716599345207
      }
    },
    "slow-fast": {
      "1": {
        "defaults": 13.07712498307228,
        "str": 13.404832988977432,
        "obj": 10.387625008821487
      },
      "20": {
        "defaults": 69.05924999713898,
        "str": 73.28374999761581,
        "obj": 56.13025000691414
      }
    },
    "slow-slow": {
      "1": {
        "defaults": 21.289375007152557,
        "str": 20.73837500810623,
        "obj": 20.98554101586342
      },
      "20": {
        "defaults": 141.25695902109146,
        "str": 161.45074999332428,
        "obj": 141.3687919974327
      }
    },
    "fast-mixed": {
      "1": {
        "defaults": 15.075500011444092,
        "str": 14.881749987602234,
        "obj": 11.850917011499405
      },
      "20": {
        "defaults": 154.54408398270607,
        "str": 173.86233401298523,
        "obj": 149.2052499949932
      }
    }
  },
  "extend-through2": {
    "fast-fast": {
      "1": {
        "defaults": 23.15312498807907,
        "str": 1383.2105000019073,
        "obj": 19.77512499690056
      },
      "20": {
        "defaults": 288.345458984375,
        "str": 1627.4470830261707,
        "obj": 220.7018750011921
      }
    },
    "fast-slow": {
      "1": {
        "defaults": 23.675416976213455,
        "str": 1347.0984579920769,
        "obj": 16.56604102253914
      },
      "20": {
        "defaults": 245.3742089867592,
        "str": 1609.380125015974,
        "obj": 156.5458750128746
      }
    },
    "slow-fast": {
      "1": {
        "defaults": 30.41754201054573,
        "str": 1440.879833996296,
        "obj": 32.11079099774361
      },