{
  "baseline": {
    "fast-fast": {
      "1": {
        "defaults": 3.442207932472229,
        "str": 2.8753750324249268,
        "obj": 1.7675409317016602
      },
      "20": {
        "defaults": 3.4866249561309814,
        "str": 2.9250420331954956,
        "obj": 1.7282921075820923
      }
    },
    "fast-slow": {
      "1": {
        "defaults": 3.4544999599456787,
        "str": 2.6360830068588257,
        "obj": 1.7927500009536743
      },
      "20": {
        "defaults": 3.518875002861023,
        "str": 3.0439999103546143,
        "obj": 1.7697919607162476
      }
    },
    "slow-fast": {
      "1": {
        "defaults": 7.529915928840637,
        "str": 7.622833013534546,
        "obj": 5.5887919664382935
      },
      "20": {
        "defaults": 7.802249908447266,
        "str": 7.662291884422302,
        "obj": 5.392500042915344
      }
    },
    "slow-slow": {
      "1": {
        "defaults": 7.692291975021362,
        "str": 7.873832941055298,
        "obj": 5.586833953857422
      },
      "20": {
        "defaults": 7.750833034515381,
        "str": 7.746875047683716,
        "obj": 5.37624990940094
      }
    },
    "fast-mixed": {
      "1": {
        "defaults": 3.6228749752044678,
        "str": 2.7109580039978027,
        "obj": 1.7681249380111694
      },
      "20": {
        "defaults": 3.593625068664551,
        "str": 2.7782089710235596,
        "obj": 1.8817919492721558
      }
    }
  },
  "minipass-v3": {
    "fast-fast": {
      "1": {
        "defaults": 9.991374969482422,
        "str": 8.99762499332428,
        "obj": 5.436582922935486
      },
      "20": {
        "defaults": 56.744750022888184,
        "str": 59.71320903301239,
        "obj": 29.284834027290344
      }
    },
    "fast-slow": {
      "1": {
        "defaults": 12.836833000183105,
        "str": 12.92941701412201,
        "obj": 8.141417026519775
      },
      "20": {
        "defaults": 116.09641695022583,
        "str": 127.65012502670288,
        "obj": 97.09899997711182
      }
    },
    "slow-fast": {
      "1": {
        "defaults": 13.328750014305115,
        "str": 13.893125057220459,
        "obj": 9.958582997322083
      },
      "20": {
        "defaults": 61.24558389186859,
        "str": 62.25849997997284,
        "obj": 37.876917004585266
      }
    },
    "slow-slow": {
      "1": {
        "defaults": 19.70970904827118,
        "str": 20.06712508201599,
        "obj": 17.246999979019165
      },
      "20": {
        "defaults": 114.48662507534027,
        "str": 126.36362493038177,
        "obj": 97.96820795536041
      }
    },
    "fast-mixed": {
      "1": {
        "defaults": 14.314666986465454,
        "str": 13.60479199886322,
        "obj": 8.298417091369629
      },
      "20": {
        "defaults": 119.11833393573761,
        "str": 129.67150008678436,
        "obj": 98.28970897197723
      }
    }
  },
  "minipass-v4": {
    "fast-fast": {
      "1": {
        "defaults": 9.019958019256592,
        "str": 8.39662492275238,
        "obj": 5.291291952133179
      },
      "20": {
        "defaults": 57.88370907306671,
        "str": 60.756958961486816,
        "obj": 29.646209001541138
      }
    },
    "fast-slow": {
      "1": {
        "defaults": 12.98199999332428,
        "str": 12.487249970436096,
        "obj": 8.032541036605835
      },
      "20": {
        "defaults": 113.390958070755,
        "str": 125.72883296012878,
        "obj": 91.53458392620087
      }
    },
    "slow-fast": {
      "1": {
        "defaults": 12.530249953269958,
        "str": 14.387542009353638,
        "obj": 9.92158305644989
      },
      "20": {
        "defaults": 59.353208899497986,
        "str": 63.61800003051758,
        "obj": 37.76174998283386
      }
    },
    "slow-slow": {
      "1": {
        "defaults": 20.01687502861023,
        "str": 18.69504201412201,
        "obj": 16.518290996551514
      },
      "20": {
        "defaults": 117.32275009155273,
        "str": 125.12608301639557,
        "obj": 96.39866697788239
      }
    },
    "fast-mixed": {
      "1": {
        "defaults": 12.962167024612427,
        "str": 12.558375000953674,
        "obj": 7.944625020027161
      },
      "20": {
        "defaults": 114.1967499256134,
        "str": 123.09395802021027,
        "obj": 91.53399991989136
      }
    }
  },
  "minipass-v5": {
    "fast-fast": {
      "1": {
        "defaults": 8.861541986465454,
        "str": 8.416458010673523,
        "obj": 5.3903340101242065
      },
      "20": {
        "defaults": 56.76462495326996,
        "str": 58.60199999809265,
        "obj": 29.388957977294922
      }
    },
    "fast-slow": {
      "1": {
        "defaults": 12.699750065803528,
        "str": 12.111208081245422,
        "obj": 7.8963329792022705
      },
      "20": {
        "defaults": 112.19987499713898,
        "str": 122.30604100227356,
        "obj": 90.54145896434784
      }
    },
    "slow-fast": {
      "1": {
        "defaults": 12.730375051498413,
        "str": 13.549291968345642,
        "obj": 9.331416010856628
      },
      "20": {
        "defaults": 59.4458749294281,
        "str": 62.936041951179504,
        "obj": 38.064375042915344
      }
    },
    "slow-slow": {
      "1": {
        "defaults": 19.284375071525574,
        "str": 18.673540949821472,
        "obj": 17.366083025932312
      },
      "20": {
        "defaults": 116.4670000076294,
        "str": 126.47654092311859,
        "obj": 98.07375001907349
      }
    },
    "fast-mixed": {
      "1": {
        "defaults": 12.790333032608032,
        "str": 12.488708972930908,
        "obj": 7.851499915122986
      },
      "20": {
        "defaults": 112.75820803642273,
        "str": 123.39258301258087,
        "obj": 91.13495898246765
      }
    }
  },
  "minipass-latest": {
    "fast-fast": {
      "1": {
        "defaults": 9.006374955177307,
        "str": 8.402208089828491,
        "obj": 5.372582912445068
      },
      "20": {
        "defaults": 57.05970907211304,
        "str": 58.760249972343445,
        "obj": 29.28237497806549
      }
    },
    "fast-slow": {
      "1": {
        "defaults": 14.112375020980835,
        "str": 14.106082916259766,
        "obj": 8.911999940872192
      },
      "20": {
        "defaults": 112.57000005245209,
        "str": 121.75041604042053,
        "obj": 90.32737505435944
      }
    },
    "slow-fast": {
      "1": {
        "defaults": 12.974624991416931,
        "str": 14.089292049407959,
        "obj": 10.196707963943481
      },
      "20": {
        "defaults": 60.46066701412201,
        "str": 62.154541969299316,
        "obj": 37.26616597175598
      }
    },
    "slow-slow": {
      "1": {
        "defaults": 19.617667078971863,
        "str": 19.31058394908905,
        "obj": 17.546957969665527
      },
      "20": {
        "defaults": 117.06987500190735,
        "str": 125.56391704082489,
        "obj": 97.52154195308685
      }
    },
    "fast-mixed": {
      "1": {
        "defaults": 13.652250051498413,
        "str": 13.876582980155945,
        "obj": 8.559291958808899
      },
      "20": {
        "defaults": 112.75670802593231,
        "str": 121.95370900630951,
        "obj": 90.06733298301697
      }
    }
  },
  "minipass-current": {
    "fast-fast": {
      "1": {
        "defaults": 9.00616705417633,
        "str": 8.558458089828491,
        "obj": 5.563665986061096
      },
      "20": {
        "defaults": 57.08733403682709,
        "str": 59.901875019073486,
        "obj": 29.437790989875793
      }
    },
    "fast-slow": {
      "1": {
        "defaults": 12.497583031654358,
        "str": 12.10783302783966,
        "obj": 7.822792053222656
      },
      "20": {
        "defaults": 111.76954197883606,
        "str": 122.47616600990295,
        "obj": 90.42129194736481
      }
    },
    "slow-fast": {
      "1": {
        "defaults": 12.808166980743408,
        "str": 13.886415958404541,
        "obj": 9.495208978652954
      },