{
  "baseline": {
    "fast-fast": {
      "1": {
        "defaults": 3.457208037376404,
        "str": 2.72504198551178,
        "obj": 1.7911659479141235
      },
      "20": {
        "defaults": 3.5216659903526306,
        "str": 2.8304580450057983,
        "obj": 1.9337499737739563
      }
    },
    "fast-slow": {
      "1": {
        "defaults": 3.6649169921875,
        "str": 2.8227500319480896,
        "obj": 1.837041974067688
      },
      "20": {
        "defaults": 3.6867499947547913,
        "str": 2.8203750252723694,
        "obj": 1.843874990940094
      }
    },
    "slow-fast": {
      "1": {
        "defaults": 7.720750033855438,
        "str": 7.912416994571686,
        "obj": 5.735207974910736
      },
      "20": {
        "defaults": 7.73691600561142,
        "str": 8.121457993984222,
        "obj": 5.824541985988617
      }
    },
    "slow-slow": {
      "1": {
        "defaults": 7.953875005245209,
        "str": 8.130957961082458,
        "obj": 5.873834013938904
      },
      "20": {
        "defaults": 7.795333981513977,
        "str": 7.965125024318695,
        "obj": 5.926332950592041
      }
    },
    "fast-mixed": {
      "1": {
        "defaults": 3.6032909750938416,
        "str": 2.813916027545929,
        "obj": 1.8696250319480896
      },
      "20": {
        "defaults": 3.658999979496002,
        "str": 2.7814170122146606,
        "obj": 1.925583004951477
      }
    }
  },
  "minipass-latest": {
    "fast-fast": {
      "1": {
        "defaults": 9.077916979789734,
        "str": 8.231584012508392,
        "obj": 5.161791026592255
      },
      "20": {
        "defaults": 57.50104200839996,
        "str": 60.6759170293808,
        "obj": 29.335416972637177
      }
    },
    "fast-slow": {
      "1": {
        "defaults": 13.243917047977448,
        "str": 12.528708040714264,
        "obj": 8.301416993141174
      },
      "20": {
        "defaults": 113.22704195976257,
        "str": 122.90191704034805,
        "obj": 90.93325001001358
      }
    },
    "slow-fast": {
      "1": {
        "defaults": 13.003084003925323,
        "str": 14.938166975975037,
        "obj": 11.414333999156952
      },
      "20": {
        "defaults": 61.18066602945328,
        "str": 64.10562497377396,
        "obj": 38.920458018779755
      }
    },
    "slow-slow": {
      "1": {
        "defaults": 20.05416601896286,
        "str": 20.129875004291534,
        "obj": 17.764832973480225
      },
      "20": {
        "defaults": 118.02620899677277,
        "str": 127.68024998903275,
        "obj": 98.06762498617172
      }
    },
    "fast-mixed": {
      "1": {
        "defaults": 13.320167005062103,
        "str": 12.768875002861023,
        "obj": 8.059417009353638
      },
      "20": {
        "defaults": 112.5936250090599,
        "str": 124.21129196882248,
        "obj": 90.38358396291733
      }
    }
  },
  "minipass-current": {
    "fast-fast": {
      "1": {
        "defaults": 9.264708042144775,
        "str": 8.450334012508392,
        "obj": 5.452292025089264
      },
      "20": {
        "defaults": 57.367415964603424,
        "str": 60.789124965667725,
        "obj": 29.535582959651947
      }
    },
    "fast-slow": {
      "1": {
        "defaults": 13.249125003814697,
        "str": 12.391292035579681,
        "obj": 8.129916965961456
      },
      "20": {
        "defaults": 113.26587498188019,
        "str": 123.52566701173782,
        "obj": 91.86566597223282
      }
    },
    "slow-fast": {
      "1": {
        "defaults": 12.694042026996613,
        "str": 14.096707999706268,
        "obj": 10.068250000476837
      },
      "20": {
        "defaults": 60.757250010967255,
        "str": 63.12616699934006,
        "obj": 38.10695803165436
      }
    },
    "slow-slow": {
      "1": {
        "defaults": 19.248166978359222,
        "str": 20.619584023952484,
        "obj": 16.414041996002197
      },
      "20": {
        "defaults": 117.51670801639557,
        "str": 126.54970902204514,
        "obj": 98.01254099607468
      }
    },
    "fast-mixed": {
      "1": {
        "defaults": 13.076165974140167,
        "str": 12.720084011554718,
        "obj": 8.123374998569489
      },
      "20": {
        "defaults": 112.91670799255371,
        "str": 123.48570799827576,
        "obj": 90.44579201936722
      }
    }
  },
  "minipass-current-async": {
    "fast-fast": {
      "1": {
        "defaults": 16.43250000476837,
        "str": 13.871165990829468,
        "obj": 8.61458295583725
      },
      "20": {
        "defaults": 139.22874999046326,
        "str": 144.9063749909401,
        "obj": 111.47304201126099
      }
    },
    "fast-slow": {
      "1": {
        "defaults": 31.088625013828278,
        "str": 18.790041029453278,
        "obj": 11.654124975204468
      },
      "20": {
        "defaults": 153.96329098939896,
        "str": 156.56633299589157,
        "obj": 118.7431669831276
      }
    },
    "slow-fast": {
      "1": {
        "defaults": 17.829834043979645,
        "str": 16.3703750371933,
        "obj": 14.972292006015778
      },
      "20": {
        "defaults": 86.52820897102356,
        "str": 87.42279201745987,
        "obj": 60.282999992370605
      }
    },
    "slow-slow": {
      "1": {
        "defaults": 23.863667011260986,
        "str": 19.92370903491974,
        "obj": 15.069416999816895
      },
      "20": {
        "defaults": 179.31625002622604,
        "str": 167.64295798540115,
        "obj": 129.6021250486374
      }
    },
    "fast-mixed": {
      "1": {
        "defaults": 29.05858302116394,
        "str": 18.754333972930908,
        "obj": 11.174665987491608
      },
      "20": {
        "defaults": 149.65920799970627,
        "str": 150.33704203367233,
        "obj": 114.88804197311401
      }
    }
  },
  "extend-minipass-current": {
    "fast-fast": {
      "1": {
        "defaults": 9.460875034332275,
        "str": 8.47537499666214,
        "obj": 5.5935840010643005
      },
      "20": {
        "defaults": 57.8164159655571,
        "str": 61.474416971206665,
        "obj": 30.73370897769928
      }
    },
    "fast-slow": {
      "1": {
        "defaults": 13.275917053222656,
        "str": 12.327417016029358,
        "obj": 7.907708048820496
      },
      "20": {
        "defaults": 113.44329100847244,
        "str": 123.8350830078125,
        "obj": 92.41808301210403
      }
    },
    "slow-fast": {
      "1": {
        "defaults": 13.410959005355835,
        "str": 13.837417006492615,
        "obj": 9.979166984558105
      },
      "20": {
        "defaults": 60.897374987602234,
        "str": 63.74041599035263,
        "obj": 37.77120804786682
      }
    },
    "slow-slow": {
      "1": {
        "defaults": 19.971417009830475,
        "str": 19.92570799589157,
        "obj": 16.344209015369415
      },
      "20": {
        "defaults": 116.82750004529953,
        "str": 126.22837501764297,
        "obj": 97.8376669883728
      }
    },
    "fast-mixed": {
      "1": {
        "defaults": 13.323291003704071,
        "str": 12.51858401298523,
        "obj": 8.0310840010643
      },
      "20": {
        "defaults": 113.98325002193451,
        "str": 123.57979202270508,
        "obj": 91.32770800590515
      }
    }
  },
  "core-extend-transform": {
    "fast-fast": {
      "1": {
        "defaults": 24.68624997138977,
        "str": 1461.3786249756813,
        "obj": 7.051041960716248
      },
      "20": {
        "defaults": 244.83049994707108,
        "str": 31516.505042016506,
        "obj": 76.24062496423721
      }
    },
    "fast-slow": {
      "1": {
        "defaults": 32.79583305120468,
        "str": 1518.0459590554237,
        "obj": 24.080249965190887
      },
      "20": {
        "defaults": 298.33200001716614,
        "str": 31888.678416967392,
        "obj": 128.65862500667572
      }
    },
    "slow-fast": {
      "1": {
        "defaults": 31.67483299970627,
        "str": 1501.8846249580383,