{
  "minipass-current-async": {
    "fast-fast": {
      "1": {
        "defaults": 17.14595890045166,
        "str": 14.430583953857422,
        "obj": 8.14916706085205
      },
      "20": {
        "defaults": 165.50191712379456,
        "str": 158.9027500152588,
        "obj": 126.32129096984863
      }
    },
    "fast-slow": {
      "1": {
        "defaults": 22.986708879470825,
        "str": 24.979916095733643,
        "obj": 12.887042045593262
      },
      "20": {
        "defaults": 168.84174990653992,
        "str": 165.80754208564758,
        "obj": 136.3969588279724
      }
    },
    "slow-fast": {
      "1": {
        "defaults": 15.21733283996582,
        "str": 14.676584005355835,
        "obj": 12.021875143051147
      },
      "20": {
        "defaults": 85.48395895957947,
        "str": 89.20491695404053,
        "obj": 60.448583126068115
      }
    },
    "slow-slow": {
      "1": {
        "defaults": 21.6863751411438,
        "str": 18.976624965667725,
        "obj": 14.663833141326904
      },
      "20": {
        "defaults": 173.18383312225342,
        "str": 167.75729203224182,
        "obj": 128.6553339958191
      }
    },
    "fast-mixed": {
      "1": {
        "defaults": 22.969000101089478,
        "str": 26.25429105758667,
        "obj": 13.501375198364258
      },
      "20": {
        "defaults": 168.70462489128113,
        "str": 162.4323329925537,
        "obj": 135.76133394241333
      }
    }
  }
}
