{
  "baseline": {
    "fast-fast": {
      "1": {
        "defaults": 3.3990838527679443,
        "str": 2.658750057220459,
        "obj": 1.8272500038146973
      },
      "20": {
        "defaults": 3.3317079544067383,
        "str": 2.5267090797424316,
        "obj": 1.6895420551300049
      }
    },
    "fast-slow": {
      "1": {
        "defaults": 3.533208131790161,
        "str": 2.6589999198913574,
        "obj": 1.7267498970031738
      },
      "20": {
        "defaults": 3.558332920074463,
        "str": 2.7277917861938477,
        "obj": 1.825958013534546
      }
    },
    "slow-fast": {
      "1": {
        "defaults": 7.663082838058472,
        "str": 7.863041877746582,
        "obj": 5.66966700553894
      },
      "20": {
        "defaults": 7.421875,
        "str": 7.890166997909546,
        "obj": 5.565249919891357
      }
    },
    "slow-slow": {
      "1": {
        "defaults": 7.716665983200073,
        "str": 7.789834022521973,
        "obj": 5.735374927520752
      },
      "20": {
        "defaults": 7.742792129516602,
        "str": 7.878582954406738,
        "obj": 5.557208061218262
      }
    },
    "fast-mixed": {
      "1": {
        "defaults": 3.6327500343322754,
        "str": 2.7679169178009033,
        "obj": 1.7796669006347656
      },
      "20": {
        "defaults": 3.5595409870147705,
        "str": 2.654458999633789,
        "obj": 1.7744169235229492
      }
    }
  },
  "minipass-v3": {
    "fast-fast": {
      "1": {
        "defaults": 8.96229100227356,
        "str": 8.173666954040527,
        "obj": 5.094624996185303
      },
      "20": {
        "defaults": 56.02125000953674,
        "str": 59.039124965667725,
        "obj": 29.18766713142395
      }
    },
    "fast-slow": {
      "1": {
        "defaults": 12.820749998092651,
        "str": 12.260708093643188,
        "obj": 7.883208990097046
      },
      "20": {
        "defaults": 112.68245792388916,
        "str": 124.49425005912781,
        "obj": 93.80837512016296
      }
    },
    "slow-fast": {
      "1": {
        "defaults": 13.644958019256592,
        "str": 13.941625118255615,
        "obj": 9.986666917800903
      },
      "20": {
        "defaults": 58.234708070755005,
        "str": 60.60979080200195,
        "obj": 36.09575009346008
      }
    },
    "slow-slow": {
      "1": {
        "defaults": 19.341042041778564,
        "str": 19.677291870117188,
        "obj": 16.29824995994568
      },
      "20": {
        "defaults": 108.75849986076355,
        "str": 119.96637487411499,
        "obj": 92.20295882225037
      }
    },
    "fast-mixed": {
      "1": {
        "defaults": 14.748833894729614,
        "str": 14.528291940689087,
        "obj": 8.816375017166138
      },
      "20": {
        "defaults": 112.7664577960968,
        "str": 124.79616594314575,
        "obj": 94.15024995803833
      }
    }
  },
  "minipass-v4": {
    "fast-fast": {
      "1": {
        "defaults": 9.067874908447266,
        "str": 8.513124942779541,
        "obj": 5.3687920570373535
      },
      "20": {
        "defaults": 55.740999937057495,
        "str": 57.79591608047485,
        "obj": 28.896167039871216
      }
    },
    "fast-slow": {
      "1": {
        "defaults": 12.763917207717896,
        "str": 12.276791095733643,
        "obj": 7.75220799446106
      },
      "20": {
        "defaults": 109.29241704940796,
        "str": 120.14249992370605,
        "obj": 88.43941688537598
      }
    },
    "slow-fast": {
      "1": {
        "defaults": 12.893832921981812,
        "str": 13.651708126068115,
        "obj": 9.69395899772644
      },
      "20": {
        "defaults": 58.75887489318848,
        "str": 61.16729211807251,
        "obj": 36.75349998474121
      }
    },
    "slow-slow": {
      "1": {
        "defaults": 19.634707927703857,
        "str": 19.170832872390747,
        "obj": 16.464499950408936
      },
      "20": {
        "defaults": 114.11229205131531,
        "str": 123.68508315086365,
        "obj": 95.43070816993713
      }
    },
    "fast-mixed": {
      "1": {
        "defaults": 13.131667137145996,
        "str": 12.219375133514404,
        "obj": 7.822416067123413
      },
      "20": {
        "defaults": 110.00562500953674,
        "str": 119.71024990081787,
        "obj": 89.30245780944824
      }
    }
  },
  "minipass-v5": {
    "fast-fast": {
      "1": {
        "defaults": 9.045500040054321,
        "str": 8.363375186920166,
        "obj": 5.296582937240601
      },
      "20": {
        "defaults": 55.41020894050598,
        "str": 57.3116250038147,
        "obj": 29.30795907974243
      }
    },
    "fast-slow": {
      "1": {
        "defaults": 12.69533395767212,
        "str": 12.118332862854004,
        "obj": 7.893208026885986
      },
      "20": {
        "defaults": 109.11375021934509,
        "str": 119.16074991226196,
        "obj": 87.87933301925659
      }
    },
    "slow-fast": {
      "1": {
        "defaults": 12.915709018707275,
        "str": 14.087542057037354,
        "obj": 9.628709077835083
      },
      "20": {
        "defaults": 58.45437502861023,
        "str": 60.98283386230469,
        "obj": 36.37870812416077
      }
    },
    "slow-slow": {
      "1": {
        "defaults": 19.6010000705719,
        "str": 19.504374980926514,
        "obj": 16.68008303642273
      },
      "20": {
        "defaults": 113.02391600608826,
        "str": 122.68854212760925,
        "obj": 93.84029197692871
      }
    },
    "fast-mixed": {
      "1": {
        "defaults": 13.159540891647339,
        "str": 12.466333150863647,
        "obj": 7.881624937057495
      },
      "20": {
        "defaults": 110.05741691589355,
        "str": 119.14762496948242,
        "obj": 88.40920901298523
      }
    }
  },
  "minipass-latest": {
    "fast-fast": {
      "1": {
        "defaults": 9.106709003448486,
        "str": 8.27245807647705,
        "obj": 5.223582983016968
      },
      "20": {
        "defaults": 55.94037485122681,
        "str": 57.88187503814697,
        "obj": 29.797584056854248
      }
    },
    "fast-slow": {
      "1": {
        "defaults": 12.913458108901978,
        "str": 12.469624996185303,
        "obj": 7.9867918491363525
      },
      "20": {
        "defaults": 109.13374996185303,
        "str": 119.18562507629395,
        "obj": 88.77216601371765
      }
    },
    "slow-fast": {
      "1": {
        "defaults": 13.740790843963623,
        "str": 13.026999950408936,
        "obj": 11.303791046142578
      },
      "20": {
        "defaults": 58.92799997329712,
        "str": 61.270041942596436,
        "obj": 36.384124994277954
      }
    },
    "slow-slow": {
      "1": {
        "defaults": 19.82358407974243,
        "str": 19.03404211997986,
        "obj": 16.994542121887207
      },
      "20": {
        "defaults": 113.54299998283386,
        "str": 122.18516683578491,
        "obj": 94.0842502117157
      }
    },
    "fast-mixed": {
      "1": {
        "defaults": 13.074541091918945,
        "str": 12.364291906356812,
        "obj": 7.872082948684692
      },
      "20": {
        "defaults": 109.3677499294281,
        "str": 120.48091697692871,
        "obj": 88.43137502670288
      }
    }
  },
  "minipass-current": {
    "fast-fast": {
      "1": {
        "defaults": 9.237291097640991,
        "str": 8.494791984558105,
        "obj": 5.270291805267334
      },
      "20": {
        "defaults": 55.45591592788696,
        "str": 60.21724987030029,
        "obj": 30.116125106811523
      }
    },
    "fast-slow": {
      "1": {
        "defaults": 12.837042093276978,
        "str": 12.397625207901001,
        "obj": 8.142207860946655
      },
      "20": {
        "defaults": 112.8249580860138,
        "str": 119.85637497901917,
        "obj": 93.4788339138031
      }
    },
    "slow-fast": {
      "1": {
        "defaults": 13.317584037780762,
        "str": 13.745499849319458,
        "obj": 7.646499872207642
      },