{
  "baseline": {
    "fast-fast": {
      "1": {
        "defaults": 3.329833984375,
        "str": 2.8888330459594727,
        "obj": 1.9252495765686035
      },
      "20": {
        "defaults": 3.4190421104431152,
        "str": 2.601707935333252,
        "obj": 1.685542106628418
      }
    },
    "fast-slow": {
      "1": {
        "defaults": 3.585207939147949,
        "str": 2.7080001831054688,
        "obj": 1.7782092094421387
      },
      "20": {
        "defaults": 3.566500186920166,
        "str": 2.587916851043701,
        "obj": 1.745542049407959
      }
    },
    "slow-fast": {
      "1": {
        "defaults": 7.4960408210754395,
        "str": 7.6979169845581055,
        "obj": 5.522083282470703
      },
      "20": {
        "defaults": 7.44379186630249,
        "str": 7.8836669921875,
        "obj": 5.76891565322876
      }
    },
    "slow-slow": {
      "1": {
        "defaults": 7.4205002784729,
        "str": 7.702875137329102,
        "obj": 5.622167110443115
      },
      "20": {
        "defaults": 7.6765828132629395,
        "str": 7.841750144958496,
        "obj": 5.872457981109619
      }
    },
    "fast-mixed": {
      "1": {
        "defaults": 3.577208995819092,
        "str": 2.7121658325195312,
        "obj": 1.7675423622131348
      },
      "20": {
        "defaults": 3.5723328590393066,
        "str": 2.6376662254333496,
        "obj": 1.8755831718444824
      }
    }
  },
  "minipass-latest": {
    "fast-fast": {
      "1": {
        "defaults": 10.694499969482422,
        "str": 10.034541130065918,
        "obj": 7.591958045959473
      },
      "20": {
        "defaults": 101.94470834732056,
        "str": 106.39775037765503,
        "obj": 83.3781247138977
      }
    },
    "fast-slow": {
      "1": {
        "defaults": 20.002583980560303,
        "str": 19.90779161453247,
        "obj": 16.551458835601807
      },
      "20": {
        "defaults": 250.42383289337158,
        "str": 261.65675020217896,
        "obj": 235.33891677856445
      }
    },
    "slow-fast": {
      "1": {
        "defaults": 15.32420825958252,
        "str": 14.633959293365479,
        "obj": 11.675666332244873
      },
      "20": {
        "defaults": 103.60004091262817,
        "str": 107.82666730880737,
        "obj": 89.49645805358887
      }
    },
    "slow-slow": {
      "1": {
        "defaults": 26.139249801635742,
        "str": 25.96370792388916,
        "obj": 25.568833827972412
      },
      "20": {
        "defaults": 246.73425006866455,
        "str": 258.8834590911865,
        "obj": 237.89187479019165
      }
    },
    "fast-mixed": {
      "1": {
        "defaults": 20.174625396728516,
        "str": 20.026957988739014,
        "obj": 16.881999969482422
      },
      "20": {
        "defaults": 249.19720792770386,
        "str": 262.65816736221313,
        "obj": 236.38895797729492
      }
    }
  },
  "minipass-current": {
    "fast-fast": {
      "1": {
        "defaults": 10.026582717895508,
        "str": 9.438958168029785,
        "obj": 6.078125
      },
      "20": {
        "defaults": 89.02404165267944,
        "str": 93.60058307647705,
        "obj": 61.51558256149292
      }
    },
    "fast-slow": {
      "1": {
        "defaults": 16.08120822906494,
        "str": 16.00995922088623,
        "obj": 11.185208320617676
      },
      "20": {
        "defaults": 186.31754112243652,
        "str": 197.53145837783813,
        "obj": 164.88866710662842
      }
    },
    "slow-fast": {
      "1": {
        "defaults": 14.138416290283203,
        "str": 14.746541976928711,
        "obj": 8.604499816894531
      },
      "20": {
        "defaults": 90.66391706466675,
        "str": 94.54366731643677,
        "obj": 68.79845905303955
      }
    },
    "slow-slow": {
      "1": {
        "defaults": 23.115708351135254,
        "str": 23.19800043106079,
        "obj": 19.721415996551514
      },
      "20": {
        "defaults": 189.99808311462402,
        "str": 199.26554107666016,
        "obj": 170.10429191589355
      }
    },
    "fast-mixed": {
      "1": {
        "defaults": 16.844333171844482,
        "str": 16.537292003631592,
        "obj": 11.395583152770996
      },
      "20": {
        "defaults": 186.95450019836426,
        "str": 197.8732500076294,
        "obj": 165.9179162979126
      }
    }
  },
  "minipass-current-async": {
    "fast-fast": {
      "1": {
        "defaults": 16.188167095184326,
        "str": 14.847332954406738,
        "obj": 9.77025032043457
      },
      "20": {
        "defaults": 158.68620824813843,
        "str": 166.0300407409668,
        "obj": 132.29212522506714
      }
    },
    "fast-slow": {
      "1": {
        "defaults": 28.027541160583496,
        "str": 18.382500171661377,
        "obj": 12.458750247955322
      },
      "20": {
        "defaults": 166.70508289337158,
        "str": 171.29291582107544,
        "obj": 138.14916706085205
      }
    },
    "slow-fast": {
      "1": {
        "defaults": 15.835124969482422,
        "str": 14.931042194366455,
        "obj": 15.144291877746582
      },
      "20": {
        "defaults": 107.30662488937378,
        "str": 110.42562532424927,
        "obj": 81.3732500076294
      }
    },
    "slow-slow": {
      "1": {
        "defaults": 25.29937505722046,
        "str": 23.007457733154297,
        "obj": 18.679749965667725
      },
      "20": {
        "defaults": 273.60687494277954,
        "str": 267.45716667175293,
        "obj": 224.5688328742981
      }
    },
    "fast-mixed": {
      "1": {
        "defaults": 28.457082748413086,
        "str": 18.49833393096924,
        "obj": 12.807291984558105
      },
      "20": {
        "defaults": 165.82100009918213,
        "str": 169.9223747253418,
        "obj": 137.14441680908203
      }
    }
  },
  "extend-minipass-current": {
    "fast-fast": {
      "1": {
        "defaults": 10.963582992553711,
        "str": 10.400875091552734,
        "obj": 6.979042053222656
      },
      "20": {
        "defaults": 108.85300016403198,
        "str": 112.98379182815552,
        "obj": 80.6841254234314
      }
    },
    "fast-slow": {
      "1": {
        "defaults": 17.35587501525879,
        "str": 17.23883295059204,
        "obj": 12.244625091552734
      },
      "20": {
        "defaults": 212.35604190826416,
        "str": 223.48966693878174,
        "obj": 187.6898341178894
      }
    },
    "slow-fast": {
      "1": {
        "defaults": 15.251583099365234,
        "str": 15.613249778747559,
        "obj": 9.619916915893555
      },
      "20": {
        "defaults": 112.902916431427,
        "str": 116.77554225921631,
        "obj": 90.9947919845581
      }
    },
    "slow-slow": {
      "1": {
        "defaults": 23.67870807647705,
        "str": 23.867958068847656,
        "obj": 21.026416778564453
      },
      "20": {
        "defaults": 212.40991687774658,
        "str": 223.33199977874756,
        "obj": 193.59470796585083
      }
    },
    "fast-mixed": {
      "1": {
        "defaults": 17.667749881744385,
        "str": 18.020249843597412,
        "obj": 12.56712532043457
      },
      "20": {
        "defaults": 211.5590844154358,
        "str": 224.7543749809265,
        "obj": 187.83008289337158
      }
    }
  },
  "core-extend-transform": {
    "fast-fast": {
      "1": {
        "defaults": 23.541666984558105,
        "str": 1410.315041065216,
        "obj": 6.503125190734863
      },
      "20": {
        "defaults": 228.57879209518433,
        "str": 29180.4340839386,
        "obj": 73.42491722106934
      }
    },
    "fast-slow": {
      "1": {
        "defaults": 32.58241605758667,
        "str": 1451.8822078704834,
        "obj": 24.079749584197998
      },
      "20": {
        "defaults": 274.3609576225281,
        "str": 30182.570083141327,
        "obj": 124.58154201507568
      }
    },
    "slow-fast": {
      "1": {
        "defaults": 31.042624950408936,
        "str": 1425.865791797638,