{
  "minipass-current-async": {
    "fast-fast": {
      "1": {
        "defaults": 24.52541708946228,
        "str": 21.20929217338562,
        "obj": 8.22320818901062
      },
      "20": {
        "defaults": 178.54866695404053,
        "str": 163.10595893859863,
        "obj": 132.5037910938263
      }
    },
    "fast-slow": {
      "1": {
        "defaults": 29.903625011444092,
        "str": 27.529124975204468,
        "obj": 12.759667158126831
      },
      "20": {
        "defaults": 191.90645790100098,
        "str": 161.4192910194397,
        "obj": 133.296875
      }
    },
    "slow-fast": {
      "1": {
        "defaults": 37.47254204750061,
        "str": 23.132165908813477,
        "obj": 14.519999980926514
      },
      "20": {
        "defaults": 175.35491704940796,
        "str": 163.75045800209045,
        "obj": 134.10804200172424
      }
    },
    "slow-slow": {
      "1": {
        "defaults": 40.83904218673706,
        "str": 25.787042140960693,
        "obj": 14.58033299446106
      },
      "20": {
        "defaults": 188.99554204940796,
        "str": 163.10204195976257,
        "obj": 134.2707920074463
      }
    },
    "fast-mixed": {
      "1": {
        "defaults": 28.914207935333252,
        "str": 28.854541063308716,
        "obj": 12.629791021347046
      },
      "20": {
        "defaults": 187.74029111862183,
        "str": 162.31783318519592,
        "obj": 133.96545886993408
      }
    }
  }
}
