{
  "minipass-current": {
    "fast-fast": {
      "1": {
        "defaults": 8.936209082603455,
        "str": 8.923792004585266,
        "obj": 6.714792013168335
      },
      "20": {
        "defaults": 62.772416949272156,
        "str": 71.42816698551178,
        "obj": 51.640458941459656
      }
    },
    "fast-slow": {
      "1": {
        "defaults": 14.71512508392334,
        "str": 14.884250044822693,
        "obj": 12.010167002677917
      },
      "20": {
        "defaults": 154.03104197978973,
        "str": 173.94916701316833,
        "obj": 150.28050005435944
      }
    },
    "slow-fast": {
      "1": {
        "defaults": 13.311957955360413,
        "str": 14.161833047866821,
        "obj": 10.88587498664856
      },
      "20": {
        "defaults": 66.24241697788239,
        "str": 72.83954191207886,
        "obj": 55.715625047683716
      }
    },
    "slow-slow": {
      "1": {
        "defaults": 21.937999963760376,
        "str": 21.320958018302917,
        "obj": 22.253250002861023
      },
      "20": {
        "defaults": 142.0451670885086,
        "str": 162.7254159450531,
        "obj": 141.21249997615814
      }
    },
    "fast-mixed": {
      "1": {
        "defaults": 15.204416990280151,
        "str": 15.163916945457458,
        "obj": 12.434042096138
      },
      "20": {
        "defaults": 153.30233299732208,
        "str": 174.11125004291534,
        "obj": 151.27295899391174
      }
    }
  },
  "minipass-latest": {
    "fast-fast": {
      "1": {
        "defaults": 8.949290990829468,
        "str": 8.805333018302917,
        "obj": 6.245957970619202
      },
      "20": {
        "defaults": 62.78845798969269,
        "str": 70.579833984375,
        "obj": 49.72950005531311
      }
    },
    "fast-slow": {
      "1": {
        "defaults": 14.780749917030334,
        "str": 15.031666994094849,
        "obj": 12.00066590309143
      },
      "20": {
        "defaults": 151.35137498378754,
        "str": 172.22908401489258,
        "obj": 148.63141703605652
      }
    },
    "slow-fast": {
      "1": {
        "defaults": 13.514791011810303,
        "str": 14.14204204082489,
        "obj": 10.677208065986633
      },
      "20": {
        "defaults": 65.98500001430511,
        "str": 72.69566702842712,
        "obj": 55.95700001716614
      }
    },
    "slow-slow": {
      "1": {
        "defaults": 21.44670808315277,
        "str": 21.827750086784363,
        "obj": 21.5196670293808
      },
      "20": {
        "defaults": 141.03799998760223,
        "str": 161.517333984375,
        "obj": 141.47495806217194
      }
    },
    "fast-mixed": {
      "1": {
        "defaults": 15.174584031105042,
        "str": 15.314332962036133,
        "obj": 12.237416982650757
      },
      "20": {
        "defaults": 152.52066707611084,
        "str": 171.33491694927216,
        "obj": 148.72895801067352
      }
    }
  }
}
