{
  "baseline": {
    "fast-fast": {
      "1": {
        "defaults": 3.357958994805813,
        "str": 2.686750002205372,
        "obj": 1.8310000002384186
      },
      "20": {
        "defaults": 3.4750419929623604,
        "str": 2.6337499991059303,
        "obj": 1.729042001068592
      }
    },
    "fast-slow": {
      "1": {
        "defaults": 3.4842920005321503,
        "str": 2.925875000655651,
        "obj": 1.8487920016050339
      },
      "20": {
        "defaults": 3.603082999587059,
        "str": 2.742625005543232,
        "obj": 1.7630000039935112
      }
    },
    "slow-fast": {
      "1": {
        "defaults": 11.42441700398922,
        "str": 9.442583002150059,
        "obj": 5.261166997253895
      },
      "20": {
        "defaults": 11.439000003039837,
        "str": 9.456124998629093,
        "obj": 5.088749997317791
      }
    },
    "slow-slow": {
      "1": {
        "defaults": 11.644083000719547,
        "str": 8.71899999678135,
        "obj": 4.913708999752998
      },
      "20": {
        "defaults": 11.512249998748302,
        "str": 9.268249996006489,
        "obj": 2.7649580016732216
      }
    },
    "fast-mixed": {
      "1": {
        "defaults": 3.481875002384186,
        "str": 2.633500002324581,
        "obj": 1.7342500016093254
      },
      "20": {
        "defaults": 3.617999993264675,
        "str": 2.5912079960107803,
        "obj": 1.7407499998807907
      }
    }
  },
  "core-extend-transform": {
    "fast-fast": {
      "1": {
        "defaults": 24.72020799666643,
        "str": 1432.5532499998808,
        "obj": 6.978624999523163
      },
      "20": {
        "defaults": 225.4554169997573,
        "str": 28848.88899999857,
        "obj": 78.9881250038743
      }
    },
    "fast-slow": {
      "1": {
        "defaults": 31.551749996840954,
        "str": 1427.2701670005918,
        "obj": 21.89208299666643
      },
      "20": {
        "defaults": 227.72325000166893,
        "str": 29016.64916600287,
        "obj": 125.74462500214577
      }
    },
    "slow-fast": {
      "1": {
        "defaults": 27.080791004002094,
        "str": 1426.0869579985738,
        "obj": 11.785042002797127
      },
      "20": {
        "defaults": 229.33312499523163,
        "str": 29683.668250001967,
        "obj": 150.3975419998169
      }
    },
    "slow-slow": {
      "1": {
        "defaults": 35.00770899653435,
        "str": 1451.9580829963088,
        "obj": 16.781791999936104
      },
      "20": {
        "defaults": 234.03983300179243,
        "str": 30062.90762500465,
        "obj": 156.8202919960022
      }
    },
    "fast-mixed": {
      "1": {
        "defaults": 35.65395899862051,
        "str": 1454.0874160006642,
        "obj": 25.650750003755093
      },
      "20": {
        "defaults": 253.61762500554323,
        "str": 30308.087458997965,
        "obj": 128.64283300191164
      }
    }
  },
  "core-passthrough": {
    "fast-fast": {
      "1": {
        "defaults": 23.40108300000429,
        "str": 1424.2250410020351,
        "obj": 6.728457994759083
      },
      "20": {
        "defaults": 232.93070799857378,
        "str": 29300.388750001788,
        "obj": 87.65816700458527
      }
    },
    "fast-slow": {
      "1": {
        "defaults": 31.617458000779152,
        "str": 1441.7522090002894,
        "obj": 22.33425000309944
      },
      "20": {
        "defaults": 228.73708300292492,
        "str": 29321.716749995947,
        "obj": 121.1603750064969
      }
    },
    "slow-fast": {
      "1": {
        "defaults": 26.681083999574184,
        "str": 1434.3866249993443,
        "obj": 11.484667003154755
      },
      "20": {
        "defaults": 240.7139580026269,
        "str": 29341.427166998386,
        "obj": 161.35695900022984
      }
    },
    "slow-slow": {
      "1": {
        "defaults": 36.307792000472546,
        "str": 1450.3790000006557,
        "obj": 16.592082999646664
      },
      "20": {
        "defaults": 230.11837499588728,
        "str": 29705.365458995104,
        "obj": 155.8872499987483
      }
    },
    "fast-mixed": {
      "1": {
        "defaults": 35.49683300405741,
        "str": 1432.451583005488,
        "obj": 25.824666999280453
      },
      "20": {
        "defaults": 252.826666995883,
        "str": 30183.461333997548,
        "obj": 125.80479100346565
      }
    }
  },
  "extend-minipass-current": {
    "fast-fast": {
      "1": {
        "defaults": 9.096791997551918,
        "str": 8.835374996066093,
        "obj": 6.184749998152256
      },
      "20": {
        "defaults": 63.201375000178814,
        "str": 72.21016699820757,
        "obj": 50.75875000655651
      }
    },
    "fast-slow": {
      "1": {
        "defaults": 21.41991699486971,
        "str": 19.864624999463558,
        "obj": 12.5467080026865
      },
      "20": {
        "defaults": 162.30883400142193,
        "str": 182.59887500107288,
        "obj": 154.0758339986205
      }
    },
    "slow-fast": {
      "1": {
        "defaults": 15.986000001430511,
        "str": 14.664499998092651,
        "obj": 8.430041000247002
      },
      "20": {
        "defaults": 71.46720799803734,
        "str": 78.34570799767971,
        "obj": 53.36183399707079
      }
    },
    "slow-slow": {
      "1": {
        "defaults": 25.654917001724243,
        "str": 24.79237500578165,
        "obj": 17.769124999642372
      },
      "20": {
        "defaults": 156.60025000572205,
        "str": 176.63450000435114,
        "obj": 145.17679200321436
      }
    },
    "fast-mixed": {
      "1": {
        "defaults": 22.06241600215435,
        "str": 19.99295900017023,
        "obj": 12.984167002141476
      },
      "20": {
        "defaults": 162.53999999910593,
        "str": 181.85408300161362,
        "obj": 155.37662499397993
      }
    }
  },
  "extend-minipass": {
    "fast-fast": {
      "1": {
        "defaults": 9.039958998560905,
        "str": 8.47766699641943,
        "obj": 6.2849579975008965
      },
      "20": {
        "defaults": 62.76912499964237,
        "str": 71.20195800065994,
        "obj": 50.336750000715256
      }
    },
    "fast-slow": {
      "1": {
        "defaults": 21.585958003997803,
        "str": 19.856124997138977,
        "obj": 12.385375000536442
      },
      "20": {
        "defaults": 160.90895900130272,
        "str": 180.37241600453854,
        "obj": 153.47116699814796
      }
    },
    "slow-fast": {
      "1": {
        "defaults": 16.164040997624397,
        "str": 14.400417000055313,
        "obj": 8.35258299857378
      },
      "20": {
        "defaults": 71.76270799338818,
        "str": 79.20362500101328,
        "obj": 54.06087500602007
      }
    },
    "slow-slow": {
      "1": {
        "defaults": 25.57304199784994,
        "str": 24.067999996244907,
        "obj": 17.573499999940395
      },
      "20": {
        "defaults": 157.36304099857807,
        "str": 175.00466699898243,
        "obj": 148.3536660000682
      }
    },
    "fast-mixed": {
      "1": {
        "defaults": 22.147291004657745,
        "str": 19.981790997087955,
        "obj": 12.86820799857378
      },
      "20": {
        "defaults": 161.6674169972539,
        "str": 181.27279099822044,
        "obj": 154.10279100388288
      }
    }
  },
  "extend-through2": {
    "fast-fast": {
      "1": {
        "defaults": 23.64241600036621,
        "str": 1362.9347500056028,
        "obj": 19.47145900130272
      },
      "20": {
        "defaults": 286.60320799797773,
        "str": 1612.5921249985695,
        "obj": 226.35054200142622
      }
    },
    "fast-slow": {
      "1": {
        "defaults": 29.87662499397993,
        "str": 1367.8754590004683,
        "obj": 45.93225000053644
      },
      "20": {
        "defaults": 284.20554199814796,
        "str": 1608.878041997552,
        "obj": 213.26691599935293
      }
    },
    "slow-fast": {
      "1": {
        "defaults": 28.45491600036621,
        "str": 1350.1509160026908,